ID,bruises,cap_color,poison
1,Y,n,Y
2,Y,y,N
3,Y,w,N
4,,w,Y
5,,g,N
6,,y,N
7,Y,w,N
8,Y,w,N
9,Y,w,Y
10,Y,y,N
11,Y,y,N
12,Y,y,N
13,Y,y,N
14,Y,w,Y
15,,n,N
16,N,g,N
17,N,w,N
18,Y,n,Y
19,Y,w,Y
20,Y,n,Y
21,,y,N
22,Y,n,Y
23,Y,y,N
24,Y,w,N
25,Y,w,N
26,Y,w,Y
27,Y,y,N
28,Y,w,N
29,N,n,N
30,Y,y,N
31,Y,y,N
32,,w,Y
33,Y,y,N
34,Y,n,N
35,Y,y,N
36,Y,y,N
37,,g,N
38,,n,Y
39,,y,N
40,Y,y,N
41,,y,N
42,Y,y,N
43,N,n,N
44,Y,w,Y
45,Y,y,N
46,Y,w,N
47,Y,y,N
48,Y,w,N
49,Y,y,N
50,Y,y,N
51,Y,n,N
52,Y,w,N
53,Y,w,N
54,Y,n,Y
55,Y,w,Y
56,Y,y,N
57,,g,N
58,Y,w,N
59,Y,y,N
60,Y,n,N
61,N,g,N
62,Y,y,N
63,Y,y,N
64,Y,y,N
65,Y,w,N
66,,n,N
67,Y,w,N
68,Y,y,N
69,Y,y,N
70,N,g,N
71,,y,N
72,Y,w,N
73,Y,y,N
74,,n,N
75,Y,y,N
76,Y,y,N
77,Y,w,N
78,Y,n,N
79,Y,n,Y
80,Y,n,N
81,N,n,N
82,Y,w,Y
83,N,g,N
84,N,g,N
85,Y,y,N
86,N,n,N
87,Y,w,N
88,Y,w,N
89,Y,n,N
90,N,n,N
91,,n,N
92,Y,w,N
93,Y,y,N
94,Y,y,N
95,,n,N
96,,w,N
97,Y,n,N
98,Y,y,N
99,Y,w,N
100,Y,w,N
101,N,n,N
102,,y,N
103,Y,y,N
104,Y,y,N
105,Y,w,N
106,,y,N
107,Y,y,N
108,,w,N
109,,w,N
110,Y,y,N
111,Y,y,N
112,,g,N
113,,w,N
114,Y,y,N
115,Y,w,Y
116,,y,N
117,,g,N
118,Y,y,N
119,Y,y,N
120,N,n,N
121,Y,w,Y
122,Y,w,N
123,Y,n,Y
124,N,g,N
125,,y,N
126,,w,N
127,Y,y,N
128,N,g,N
129,Y,w,N
130,Y,w,N
131,Y,w,N
132,Y,w,N
133,Y,w,N
134,Y,y,N
135,Y,w,N
136,Y,w,Y
137,Y,w,N
138,,y,N
139,,n,Y
140,Y,y,N
141,Y,n,N
142,Y,y,N
143,N,n,N
144,Y,n,N
145,Y,y,N
146,,g,N
147,,w,N
148,Y,y,N
149,Y,y,N
150,Y,w,N
151,Y,w,N
152,N,n,N
153,Y,w,N
154,N,n,N
155,Y,w,N
156,Y,n,N
157,Y,y,N
158,Y,w,N
159,Y,w,N
160,Y,y,N
161,Y,y,N
162,Y,y,N
163,N,n,N
164,Y,n,N
165,Y,w,N
166,Y,y,N
167,Y,w,N
168,Y,w,N
169,Y,n,N
170,Y,w,N
171,N,g,N
172,Y,y,N
173,Y,y,N
174,Y,y,N
175,Y,y,N
176,Y,w,N
177,Y,w,N
178,Y,y,N
179,,y,N
180,Y,y,N
181,Y,w,Y
182,,n,N
183,N,n,N
184,Y,y,N
185,Y,n,N
186,Y,w,Y
187,Y,w,N
188,N,g,N
189,Y,y,N
190,,n,N
191,N,w,N
192,,w,N
193,Y,w,N
194,Y,y,N
195,Y,y,N
196,N,g,N
197,Y,y,N
198,Y,w,N
199,Y,w,N
200,Y,w,N
201,,y,N
202,Y,w,N
203,,w,N
204,N,w,N
205,,n,N
206,,w,Y
207,Y,w,N
208,Y,w,N
209,Y,w,N
210,,w,N
211,Y,y,N
212,Y,w,N
213,Y,y,N
214,N,g,N
215,Y,y,N
216,Y,w,N
217,Y,y,N
218,Y,y,N
219,,w,N
220,N,g,N
221,Y,w,N
222,Y,w,Y
223,,y,N
224,Y,w,N
225,Y,w,N
226,,w,N
227,,w,N
228,Y,y,N
229,Y,n,Y
230,Y,y,N
231,,g,N
232,,w,Y
233,Y,y,N
234,N,n,N
235,Y,w,N
236,Y,w,N
237,Y,w,N
238,Y,y,N
239,Y,y,N
240,,y,N
241,,y,N
242,Y,w,N
243,Y,w,N
244,Y,w,Y
245,Y,w,N
246,Y,w,N
247,,w,N
248,Y,w,N
249,Y,y,N
250,N,n,N
251,Y,y,N
252,Y,n,Y
253,N,n,N
254,,y,N
255,Y,w,N
256,Y,w,N
257,N,n,N
258,Y,w,N
259,Y,w,N
260,Y,w,N
261,Y,n,N
262,Y,w,Y
263,Y,w,N
264,Y,w,N
265,Y,w,N
266,N,g,N
267,N,g,N
268,Y,y,N
269,Y,w,N
270,,n,Y
271,,w,N
272,Y,n,Y
273,Y,w,N
274,Y,y,N
275,Y,y,N
276,Y,n,N
277,Y,n,N
278,Y,w,N
279,N,n,N
280,,y,N
281,,w,Y
282,Y,y,N
283,N,n,N
284,Y,y,N
285,Y,w,N
286,Y,n,N
287,Y,y,N
288,Y,w,N
289,Y,n,N
290,,g,N
291,N,g,N
292,Y,y,N
293,Y,y,N
294,Y,w,N
295,Y,w,N
296,Y,y,N
297,Y,y,N
298,N,g,N
299,Y,y,N
300,,w,Y
301,N,w,N
302,Y,w,N
303,Y,y,N
304,Y,w,N
305,Y,w,N
306,,n,N
307,Y,w,N
308,Y,y,N
309,Y,n,N
310,,w,N
311,,y,N
312,Y,w,Y
313,Y,y,N
314,Y,w,N
315,Y,y,N
316,,w,Y
317,Y,y,N
318,Y,w,N
319,Y,w,N
320,Y,w,N
321,,y,N
322,Y,y,N
323,Y,w,N
324,Y,y,N
325,Y,n,N
326,Y,w,N
327,Y,y,N
328,Y,n,Y
329,Y,y,N
330,Y,w,N
331,Y,n,Y
332,Y,w,N
333,Y,y,N
334,Y,y,N
335,Y,w,N
336,Y,n,N
337,Y,n,N
338,Y,y,N
339,N,g,N
340,Y,n,N
341,Y,w,N
342,Y,w,N
343,Y,y,N
344,Y,y,N
345,Y,y,N
346,N,n,N
347,Y,y,N
348,Y,y,N
349,N,g,N
350,N,n,N
351,N,g,N
352,Y,n,N
353,Y,w,N
354,Y,y,N
355,Y,y,N
356,N,g,N
357,Y,n,N
358,Y,n,Y
359,Y,y,N
360,Y,y,N
361,N,n,N
362,N,n,N
363,N,n,N
364,Y,n,N
365,Y,y,N
366,N,n,N
367,Y,y,N
368,,y,N
369,Y,y,N
370,N,g,N
371,,y,N
372,Y,n,N
373,Y,y,N
374,N,n,N
375,Y,w,N
376,Y,w,N
377,N,n,N
378,Y,y,N
379,,y,N
380,Y,y,N
381,,n,Y
382,N,w,N
383,,w,N
384,Y,w,N
385,Y,n,N
386,Y,n,Y
387,Y,n,N
388,,n,N
389,Y,y,N
390,Y,y,N
391,Y,y,N
392,,y,N
393,Y,w,N
394,N,g,N
395,Y,n,N
396,N,g,N
397,Y,w,N
398,Y,y,N
399,N,g,N
400,Y,n,Y
401,Y,w,N
402,Y,w,N
403,Y,n,Y
404,Y,y,N
405,Y,w,N
406,,y,N
407,Y,y,N
408,Y,w,N
409,Y,w,N
410,Y,n,N
411,Y,w,N
412,,n,N
413,Y,n,N
414,,y,N
415,Y,n,Y
416,Y,y,N
417,Y,w,N
418,Y,n,Y
419,Y,y,N
420,N,g,N
421,Y,w,N
422,Y,w,N
423,Y,n,Y
424,Y,n,N
425,Y,w,N
426,Y,w,N
427,Y,n,N
428,Y,w,N
429,,w,N
430,,g,N
431,Y,w,N
432,Y,y,N
433,Y,y,N
434,Y,y,N
435,Y,w,N
436,Y,w,N
437,Y,y,N
438,,w,N
439,Y,y,N
440,Y,n,N
441,Y,w,N
442,Y,w,N
443,Y,y,N
444,Y,w,N
445,Y,y,N
446,,n,N
447,,w,N
448,Y,n,N
449,Y,w,N
450,Y,n,N
451,Y,w,N
452,Y,w,N
453,Y,y,N
454,Y,y,N
455,Y,w,N
456,N,g,N
457,Y,w,N
458,Y,y,N
459,Y,y,N
460,Y,n,N
461,Y,w,N
462,Y,y,N
463,,w,N
464,Y,y,N
465,N,n,N
466,Y,n,N
467,Y,w,N
468,Y,y,N
469,Y,y,N
470,Y,y,N
471,Y,y,N
472,,w,N
473,Y,w,N
474,N,g,N
475,Y,y,N
476,N,g,N
477,N,n,N
478,Y,w,N
479,Y,w,N
480,,y,N
481,Y,y,N
482,Y,y,N
483,Y,w,N
484,N,g,N
485,Y,w,N
486,Y,y,N
487,Y,w,N
488,N,n,N
489,Y,n,N
490,,n,N
491,Y,y,N
492,Y,n,Y
493,Y,n,Y
494,Y,n,N
495,Y,y,N
496,Y,y,N
497,,w,N
498,,n,N
499,Y,w,N
500,,y,N
501,Y,y,N
502,Y,y,N
503,Y,w,N
504,Y,y,N
505,Y,y,N
506,,n,Y
507,N,g,N
508,,n,N
509,Y,w,N
510,N,g,N
511,,n,N
512,Y,y,N
513,Y,w,N
514,N,g,N
515,,n,N
516,,w,N
517,Y,n,N
518,Y,y,N
519,Y,w,N
520,Y,y,N
521,Y,w,N
522,,w,N
523,Y,y,N
524,Y,n,Y
525,,g,N
526,Y,y,N
527,Y,n,N
528,Y,y,N
529,N,n,N
530,,y,N
531,Y,n,N
532,Y,w,N
533,Y,w,Y
534,,n,N
535,Y,n,Y
536,,w,N
537,Y,w,N
538,N,n,N
539,Y,y,N
540,,w,N
541,Y,y,N
542,,g,N
543,Y,w,Y
544,,y,N
545,,n,N
546,,w,N
547,Y,y,N
548,N,g,N
549,Y,y,N
550,Y,y,N
551,N,n,N
552,N,g,N
553,Y,y,N
554,,w,N
555,Y,y,N
556,Y,y,N
557,,n,Y
558,,w,N
559,Y,w,N
560,Y,y,N
561,Y,y,N
562,,y,N
563,,y,N
564,N,w,N
565,Y,w,N
566,,w,Y
567,Y,y,N
568,N,g,N
569,Y,n,Y
570,Y,w,N
571,Y,w,N
572,Y,y,N
573,Y,y,N
574,Y,w,N
575,Y,n,N
576,Y,y,N
577,N,n,N
578,Y,y,N
579,,y,N
580,Y,n,Y
581,,w,N
582,Y,y,N
583,Y,w,N
584,Y,y,N
585,Y,y,N
586,,w,N
587,N,g,N
588,N,n,N
589,N,g,N
590,Y,w,N
591,Y,w,Y
592,N,g,N
593,Y,y,N
594,,w,Y
595,,y,N
596,Y,n,Y
597,Y,y,N
598,Y,w,N
599,,w,Y
600,Y,n,Y
601,,g,N
602,Y,n,N
603,N,w,N
604,Y,n,N
605,,w,N
606,Y,w,N
607,N,g,N
608,Y,n,N
609,Y,w,N
610,N,g,N
611,,n,N
612,,g,N
613,N,w,N
614,Y,w,Y
615,Y,y,N
616,Y,w,N
617,N,g,N
618,Y,w,N
619,Y,y,N
620,,g,N
621,Y,y,N
622,Y,w,N
623,Y,w,N
624,Y,y,N
625,N,g,N
626,Y,w,N
627,Y,y,N
628,N,g,N
629,Y,w,N
630,Y,w,N
631,,n,N
632,Y,y,N
633,,n,N
634,Y,n,N
635,Y,n,N
636,,y,N
637,Y,y,N
638,Y,y,N
639,N,n,N
640,Y,w,N
641,Y,y,N
642,Y,n,N
643,Y,n,N
644,Y,n,N
645,Y,y,N
646,Y,y,N
647,Y,w,N
648,Y,w,N
649,Y,y,N
650,Y,w,N
651,Y,y,N
652,Y,y,N
653,Y,y,N
654,Y,n,Y
655,Y,w,Y
656,,y,N
657,N,w,N
658,Y,y,N
659,Y,y,N
660,,g,N
661,Y,w,N
662,Y,w,N
663,,n,Y
664,Y,n,Y
665,,w,N
666,Y,y,N
667,,n,N
668,Y,y,N
669,,y,N
670,Y,w,N
671,Y,y,N
672,N,n,N
673,N,n,N
674,Y,y,N
675,Y,y,N
676,N,n,N
677,N,g,N
678,Y,n,N
679,,y,N
680,Y,w,N
681,Y,w,N
682,Y,w,N
683,Y,y,N
684,Y,y,N
685,Y,n,N
686,Y,w,N
687,N,g,N
688,Y,w,N
689,Y,y,N
690,Y,w,N
691,Y,y,N
692,,w,N
693,Y,n,N
694,N,g,N
695,Y,n,Y
696,,w,N
697,Y,y,N
698,Y,n,Y
699,Y,n,Y
700,N,n,N
701,,n,Y
702,N,g,N
703,Y,y,N
704,Y,w,N
705,Y,y,N
706,Y,y,N
707,Y,y,N
708,N,n,N
709,,w,N
710,Y,y,N
711,Y,y,N
712,N,n,N
713,Y,w,N
714,Y,y,N
715,Y,y,N
716,Y,y,N
717,,w,N
718,Y,y,N
719,Y,n,N
720,N,n,N
721,,n,N
722,Y,w,N
723,Y,y,N
724,N,n,N
725,,y,N
726,Y,n,Y
727,,w,N
728,N,w,N
729,Y,w,N
730,Y,w,N
731,Y,y,N
732,,n,N
733,Y,w,Y
734,Y,w,Y
735,Y,w,N
736,Y,w,N
737,Y,w,N
738,Y,w,Y
739,,w,N
740,N,g,N
741,,n,N
742,Y,w,N
743,Y,n,N
744,Y,w,N
745,Y,y,N
746,Y,w,N
747,,w,N
748,Y,w,N
749,Y,n,Y
750,Y,y,N
751,Y,n,N
752,Y,y,N
753,Y,w,N
754,Y,y,N
755,Y,y,N
756,Y,y,N
757,,y,N
758,N,w,N
759,Y,y,N
760,Y,n,N
761,Y,w,N
762,,n,N
763,Y,w,N
764,N,n,N
765,,n,N
766,N,g,N
767,Y,w,N
768,N,n,N
769,,y,N
770,,w,N
771,Y,w,N
772,,y,N
773,Y,y,N
774,,y,N
775,N,g,N
776,Y,y,N
777,Y,n,Y
778,,n,N
779,Y,y,N
780,Y,w,N
781,Y,y,N
782,N,n,N
783,Y,y,N
784,Y,w,N
785,Y,w,N
786,Y,n,Y
787,N,n,N
788,Y,y,N
789,Y,n,Y
790,Y,y,N
791,Y,y,N
792,Y,n,N
793,Y,w,N
794,Y,y,N
795,,n,Y
796,Y,n,Y
797,Y,y,N
798,,w,N
799,Y,w,Y
800,Y,n,N
801,,w,N
802,Y,y,N
803,,n,Y
804,Y,y,N
805,Y,w,N
806,,y,N
807,Y,w,N
808,Y,y,N
809,Y,y,N
810,Y,y,N
811,Y,y,N
812,Y,y,N
813,,w,Y
814,Y,w,Y
815,Y,n,Y
816,,w,N
817,Y,n,N
818,Y,y,N
819,Y,w,N
820,Y,w,N
821,Y,y,N
822,N,g,N
823,Y,y,N
824,Y,w,N
825,,n,N
826,Y,y,N
827,Y,w,N
828,Y,w,N
829,Y,w,N
830,Y,y,N
831,N,g,N
832,Y,y,N
833,Y,n,N
834,Y,y,N
835,,y,N
836,Y,n,Y
837,Y,y,N
838,Y,w,Y
839,Y,y,N
840,Y,w,N
841,Y,y,N
842,Y,n,Y
843,Y,w,N
844,,g,N
845,Y,y,N
846,N,g,N
847,Y,y,N
848,Y,w,N
849,,y,N
850,Y,w,N
851,Y,w,N
852,Y,n,N
853,N,g,N
854,,w,N
855,N,n,N
856,Y,n,N
857,Y,y,N
858,Y,y,N
859,Y,y,N
860,Y,n,Y
861,,n,N
862,,y,N
863,Y,y,N
864,Y,w,N
865,Y,y,N
866,Y,y,N
867,N,n,N
868,,y,N
869,,g,N
870,Y,y,N
871,Y,n,N
872,,y,N
873,Y,y,N
874,Y,n,N
875,Y,w,N
876,Y,y,N
877,Y,w,N
878,Y,w,N
879,Y,y,N
880,Y,y,N
881,Y,w,N
882,N,g,N
883,Y,w,N
884,Y,w,N
885,Y,y,N
886,Y,w,N
887,Y,y,N
888,Y,y,N
889,Y,y,N
890,Y,y,N
891,Y,n,N
892,Y,y,N
893,Y,w,N
894,Y,y,N
895,,y,N
896,Y,n,N
897,Y,y,N
898,Y,w,N
899,Y,w,N
900,Y,y,N
901,Y,y,N
902,N,w,N
903,N,n,N
904,N,w,N
905,Y,y,N
906,N,w,N
907,Y,n,Y
908,N,g,N
909,,n,Y
910,Y,n,Y
911,,w,N
912,N,g,N
913,Y,w,N
914,N,g,N
915,N,g,N
916,Y,w,N
917,Y,w,N
918,Y,g,N
919,N,n,N
920,N,w,N
921,,n,N
922,N,n,N
923,,y,N
924,Y,y,N
925,N,w,N
926,N,n,N
927,N,g,N
928,Y,n,Y
929,,g,N
930,Y,w,N
931,N,g,N
932,N,g,N
933,Y,n,Y
934,,y,N
935,N,n,N
936,N,w,N
937,,y,N
938,N,n,N
939,N,g,N
940,Y,e,N
941,Y,y,N
942,N,w,N
943,Y,w,Y
944,N,g,N
945,Y,g,N
946,N,n,N
947,N,w,N
948,Y,w,N
949,,n,N
950,Y,n,Y
951,Y,w,Y
952,Y,y,N
953,,g,N
954,,g,N
955,N,n,N
956,Y,w,N
957,Y,w,Y
958,Y,n,N
959,,w,N
960,Y,y,N
961,N,n,N
962,N,w,N
963,Y,n,N
964,,n,N
965,N,g,N
966,N,g,N
967,Y,n,Y
968,,n,N
969,N,n,N
970,N,w,N
971,N,n,N
972,Y,n,N
973,Y,n,N
974,N,g,N
975,Y,n,N
976,N,g,N
977,Y,w,N
978,Y,n,N
979,Y,y,N
980,N,g,N
981,,n,N
982,,y,N
983,,g,N
984,N,n,N
985,Y,w,Y
986,N,w,N
987,N,w,N
988,N,w,N
989,N,g,N
990,Y,y,N
991,Y,y,N
992,N,g,N
993,N,n,N
994,N,n,N
995,N,w,N
996,,w,N
997,Y,y,N
998,,w,N
999,Y,w,N
1000,Y,w,Y
1001,Y,g,N
1002,Y,n,N
1003,N,n,N
1004,,w,Y
1005,,n,N
1006,N,g,N
1007,,w,N
1008,N,w,N
1009,N,n,N
1010,Y,w,N
1011,Y,w,N
1012,,w,N
1013,,y,N
1014,N,n,N
1015,N,g,N
1016,Y,y,N
1017,Y,n,N
1018,Y,n,N
1019,Y,n,Y
1020,Y,n,N
1021,,n,N
1022,Y,y,N
1023,Y,w,N
1024,Y,w,N
1025,Y,w,Y
1026,Y,w,Y
1027,N,n,N
1028,Y,y,N
1029,Y,y,N
1030,N,w,N
1031,Y,g,N
1032,Y,n,Y
1033,,g,N
1034,N,n,N
1035,,w,N
1036,N,w,N
1037,Y,y,N
1038,Y,y,N
1039,N,g,N
1040,,n,Y
1041,Y,y,N
1042,Y,n,N
1043,N,w,N
1044,Y,n,N
1045,N,g,N
1046,Y,w,N
1047,N,g,N
1048,,n,Y
1049,Y,n,N
1050,N,g,N
1051,Y,e,N
1052,Y,n,N
1053,N,g,N
1054,Y,y,N
1055,N,n,N
1056,Y,y,N
1057,Y,w,N
1058,N,g,N
1059,Y,y,N
1060,N,n,N
1061,N,w,N
1062,Y,y,N
1063,N,g,N
1064,N,g,N
1065,Y,w,Y
1066,Y,y,N
1067,Y,w,N
1068,N,w,N
1069,Y,n,N
1070,Y,n,N
1071,N,w,N
1072,Y,w,Y
1073,Y,y,N
1074,Y,g,N
1075,Y,y,N
1076,N,g,N
1077,N,n,N
1078,Y,w,Y
1079,N,g,N
1080,Y,n,N
1081,N,w,N
1082,Y,n,Y
1083,Y,y,N
1084,N,g,N
1085,Y,w,N
1086,N,g,N
1087,Y,w,N
1088,Y,w,N
1089,,n,Y
1090,Y,y,N
1091,N,n,N
1092,,n,N
1093,N,g,N
1094,Y,y,N
1095,,g,N
1096,Y,n,Y
1097,N,g,N
1098,N,g,N
1099,N,g,N
1100,Y,n,Y
1101,N,n,N
1102,N,w,N
1103,,g,N
1104,Y,n,Y
1105,N,n,N
1106,N,w,N
1107,Y,w,Y
1108,N,g,N
1109,Y,y,N
1110,N,n,N
1111,N,n,N
1112,Y,w,Y
1113,Y,n,N
1114,N,w,N
1115,Y,n,N
1116,N,g,N
1117,N,g,N
1118,,g,N
1119,N,n,N
1120,N,g,N
1121,N,w,N
1122,N,w,N
1123,N,n,N
1124,Y,n,N
1125,Y,y,N
1126,N,w,N
1127,N,w,N
1128,,y,N
1129,N,w,N
1130,N,g,N
1131,Y,n,Y
1132,N,g,N
1133,Y,n,Y
1134,N,w,N
1135,Y,w,N
1136,N,n,N
1137,Y,n,N
1138,,y,N
1139,N,w,N
1140,N,n,N
1141,N,w,N
1142,Y,n,N
1143,N,w,N
1144,,w,N
1145,,n,N
1146,N,w,N
1147,N,g,N
1148,N,g,N
1149,N,g,N
1150,,n,N
1151,N,w,N
1152,Y,n,N
1153,Y,w,Y
1154,,g,N
1155,Y,w,Y
1156,Y,w,N
1157,N,g,N
1158,N,g,N
1159,N,w,N
1160,N,g,N
1161,Y,w,N
1162,N,g,N
1163,Y,e,N
1164,Y,y,N
1165,,w,N
1166,Y,w,N
1167,Y,n,Y
1168,Y,n,N
1169,N,n,N
1170,Y,w,N
1171,N,g,N
1172,Y,n,N
1173,N,w,N
1174,N,n,N
1175,N,g,N
1176,,g,N
1177,Y,y,N
1178,N,n,N
1179,N,w,N
1180,,n,N
1181,,n,N
1182,Y,y,N
1183,N,g,N
1184,Y,w,N
1185,Y,w,N
1186,N,w,N
1187,N,g,N
1188,Y,n,Y
1189,,y,N
1190,N,n,N
1191,N,w,N
1192,Y,y,N
1193,Y,e,N
1194,Y,n,N
1195,,w,N
1196,Y,n,Y
1197,,g,N
1198,Y,w,N
1199,,w,N
1200,Y,y,N
1201,Y,w,N
1202,Y,y,N
1203,Y,w,N
1204,N,n,N
1205,Y,w,Y
1206,N,n,N
1207,N,n,N
1208,,w,Y
1209,,w,N
1210,N,w,N
1211,,n,N
1212,N,n,N
1213,,y,N
1214,,g,N
1215,N,n,N
1216,Y,n,Y
1217,N,w,N
1218,N,n,N
1219,N,w,N
1220,N,w,N
1221,Y,y,N
1222,N,g,N
1223,,g,N
1224,,n,N
1225,,n,N
1226,N,w,N
1227,Y,e,N
1228,N,n,N
1229,Y,w,Y
1230,,n,N
1231,N,n,N
1232,Y,w,Y
1233,N,g,N
1234,N,w,N
1235,N,n,N
1236,N,g,N
1237,N,g,N
1238,N,g,N
1239,,g,N
1240,N,n,N
1241,Y,w,Y
1242,,g,N
1243,Y,w,Y
1244,Y,w,Y
1245,N,n,N
1246,N,g,N
1247,N,g,N
1248,N,g,N
1249,,g,N
1250,N,g,N
1251,Y,g,N
1252,,n,N
1253,N,w,N
1254,Y,w,Y
1255,Y,n,Y
1256,N,w,N
1257,Y,n,Y
1258,N,n,N
1259,,w,N
1260,Y,n,Y
1261,Y,w,Y
1262,,n,Y
1263,Y,w,Y
1264,N,w,N
1265,Y,n,N
1266,N,w,N
1267,,g,N
1268,,n,Y
1269,N,w,N
1270,Y,e,N
1271,N,g,N
1272,N,w,N
1273,Y,w,Y
1274,N,n,N
1275,N,w,N
1276,,w,Y
1277,N,n,N
1278,N,w,N
1279,N,w,N
1280,N,w,N
1281,Y,y,N
1282,N,g,N
1283,,w,N
1284,,n,N
1285,,n,N
1286,N,g,N
1287,Y,n,Y
1288,N,g,N
1289,Y,n,N
1290,N,w,N
1291,,n,N
1292,,g,N
1293,,w,N
1294,Y,w,Y
1295,Y,w,Y
1296,N,g,N
1297,Y,n,N
1298,,g,N
1299,Y,y,N
1300,N,w,N
1301,N,w,N
1302,N,g,N
1303,N,w,N
1304,Y,n,N
1305,N,g,N
1306,N,g,N
1307,N,n,N
1308,N,w,N
1309,,w,N
1310,,g,N
1311,,w,N
1312,N,n,N
1313,Y,w,Y
1314,N,g,N
1315,Y,y,N
1316,N,n,N
1317,N,g,N
1318,,n,N
1319,Y,y,N
1320,N,w,N
1321,Y,n,N
1322,,w,Y
1323,N,w,N
1324,Y,w,Y
1325,N,n,N
1326,N,n,N
1327,,y,N
1328,N,g,N
1329,N,g,N
1330,N,g,N
1331,N,g,N
1332,N,w,N
1333,Y,n,Y
1334,,g,N
1335,N,w,N
1336,Y,n,N
1337,N,n,N
1338,,e,N
1339,Y,y,N
1340,N,w,N
1341,N,w,N
1342,,n,N
1343,,w,Y
1344,Y,g,N
1345,N,w,N
1346,N,w,N
1347,Y,n,Y
1348,N,w,N
1349,,n,N
1350,Y,g,N
1351,Y,g,N
1352,N,n,N
1353,N,w,N
1354,N,n,N
1355,N,n,N
1356,,w,N
1357,N,n,N
1358,,w,N
1359,N,n,N
1360,N,w,N
1361,N,n,N
1362,Y,n,Y
1363,N,w,N
1364,N,w,N
1365,,n,N
1366,N,w,N
1367,N,g,N
1368,N,n,N
1369,Y,g,N
1370,N,w,N
1371,N,n,N
1372,N,n,N
1373,N,w,N
1374,Y,y,N
1375,,n,Y
1376,Y,n,Y
1377,N,w,N
1378,,n,N
1379,Y,n,Y
1380,,n,N
1381,Y,w,Y
1382,N,n,N
1383,,w,Y
1384,N,n,N
1385,,g,N
1386,N,g,N
1387,N,n,N
1388,Y,g,N
1389,Y,n,N
1390,N,n,N
1391,Y,g,N
1392,,w,N
1393,N,w,N
1394,N,w,N
1395,N,g,N
1396,Y,n,N
1397,,w,N
1398,N,n,N
1399,,g,N
1400,Y,w,Y
1401,,n,N
1402,Y,y,N
1403,Y,g,N
1404,N,g,N
1405,N,g,N
1406,Y,w,Y
1407,N,w,N
1408,N,w,N
1409,N,g,N
1410,N,n,N
1411,,n,N
1412,N,n,N
1413,N,n,N
1414,N,w,N
1415,N,w,N
1416,N,n,N
1417,Y,w,N
1418,N,n,N
1419,,g,N
1420,N,w,N
1421,,w,Y
1422,N,w,N
1423,,n,N
1424,N,g,N
1425,N,g,N
1426,,n,N
1427,N,n,N
1428,N,g,N
1429,,n,N
1430,Y,n,Y
1431,N,n,N
1432,Y,n,N
1433,Y,w,Y
1434,Y,w,Y
1435,Y,n,Y
1436,Y,n,N
1437,Y,w,N
1438,Y,w,Y
1439,N,w,N
1440,N,w,N
1441,Y,n,N
1442,N,n,N
1443,N,n,N
1444,N,n,N
1445,Y,n,Y
1446,Y,w,Y
1447,,n,N
1448,N,g,N
1449,,n,N
1450,N,g,N
1451,N,n,N
1452,Y,n,Y
1453,N,n,N
1454,Y,n,Y
1455,,g,N
1456,N,w,N
1457,N,w,N
1458,,n,N
1459,,n,N
1460,Y,w,Y
1461,Y,n,N
1462,N,w,N
1463,N,w,N
1464,Y,w,N
1465,N,n,N
1466,Y,g,N
1467,Y,n,N
1468,Y,y,N
1469,N,g,N
1470,N,n,N
1471,Y,e,N
1472,N,g,N
1473,,w,Y
1474,,w,N
1475,,g,N
1476,N,n,N
1477,,n,N
1478,N,w,N
1479,Y,w,Y
1480,N,w,N
1481,N,n,N
1482,N,n,N
1483,N,g,N
1484,N,n,N
1485,Y,y,N
1486,Y,n,Y
1487,N,w,N
1488,N,w,N
1489,N,n,N
1490,Y,n,Y
1491,N,g,N
1492,Y,w,Y
1493,N,n,N
1494,N,g,N
1495,N,g,N
1496,N,n,N
1497,N,g,N
1498,N,w,N
1499,N,n,N
1500,N,g,N
1501,,n,N
1502,,y,N
1503,N,g,N
1504,N,g,N
1505,N,w,N
1506,Y,n,N
1507,Y,n,Y
1508,,n,N
1509,N,n,N
1510,,n,N
1511,N,w,N
1512,N,g,N
1513,N,n,N
1514,Y,y,N
1515,Y,w,N
1516,N,g,N
1517,N,n,N
1518,N,n,N
1519,Y,y,N
1520,N,n,N
1521,Y,w,N
1522,N,w,N
1523,N,w,N
1524,N,n,N
1525,N,n,N
1526,,n,N
1527,Y,n,N
1528,N,g,N
1529,,y,N
1530,N,w,N
1531,,w,Y
1532,N,w,N
1533,Y,w,Y
1534,N,g,N
1535,N,g,N
1536,Y,w,Y
1537,N,g,N
1538,Y,w,Y
1539,N,g,N
1540,N,w,N
1541,Y,w,Y
1542,N,w,N
1543,N,n,N
1544,N,w,N
1545,,w,N
1546,Y,e,N
1547,Y,n,Y
1548,N,g,N
1549,Y,y,N
1550,N,n,N
1551,N,n,N
1552,,w,N
1553,N,g,N
1554,N,w,N
1555,,n,N
1556,Y,n,Y
1557,N,n,N
1558,,y,N
1559,,g,N
1560,N,n,N
1561,N,g,N
1562,N,g,N
1563,N,n,N
1564,Y,n,N
1565,Y,w,N
1566,Y,g,N
1567,Y,n,Y
1568,N,w,N
1569,Y,n,Y
1570,N,n,N
1571,,n,N
1572,N,w,N
1573,N,n,N
1574,N,n,N
1575,Y,y,N
1576,,w,N
1577,N,w,N
1578,Y,n,Y
1579,N,g,N
1580,Y,n,Y
1581,N,w,N
1582,Y,n,N
1583,N,g,N
1584,Y,n,Y
1585,N,g,N
1586,,w,Y
1587,,n,N
1588,,n,N
1589,,y,N
1590,N,w,N
1591,N,w,N
1592,N,g,N
1593,N,g,N
1594,N,w,N
1595,N,g,N
1596,N,g,N
1597,Y,g,N
1598,N,g,N
1599,N,g,N
1600,Y,n,N
1601,,g,N
1602,N,g,N
1603,N,w,N
1604,N,n,N
1605,N,w,N
1606,N,n,N
1607,N,g,N
1608,N,n,N
1609,Y,n,N
1610,N,n,N
1611,N,n,N
1612,N,w,N
1613,N,n,N
1614,Y,w,Y
1615,Y,n,Y
1616,Y,n,N
1617,N,w,N
1618,N,g,N
1619,N,n,N
1620,N,n,N
1621,N,g,N
1622,N,g,N
1623,,n,N
1624,,g,N
1625,,e,N
1626,,w,Y
1627,N,n,N
1628,,n,N
1629,,n,Y
1630,,w,Y
1631,Y,w,Y
1632,N,w,N
1633,N,n,N
1634,N,n,N
1635,N,n,N
1636,N,n,N
1637,,w,Y
1638,Y,w,Y
1639,,g,N
1640,N,n,N
1641,N,n,N
1642,Y,n,N
1643,Y,n,N
1644,,w,N
1645,N,w,N
1646,N,w,N
1647,Y,y,N
1648,N,g,N
1649,,w,N
1650,,n,N
1651,N,n,N
1652,N,w,N
1653,N,n,N
1654,,g,N
1655,N,g,N
1656,N,w,N
1657,N,n,N
1658,N,g,N
1659,,w,N
1660,N,w,N
1661,N,g,N
1662,,g,N
1663,Y,y,N
1664,Y,y,N
1665,N,w,N
1666,,n,Y
1667,N,w,N
1668,,w,Y
1669,Y,g,N
1670,Y,w,Y
1671,Y,y,N
1672,Y,w,N
1673,Y,n,N
1674,N,w,N
1675,,n,N
1676,N,g,N
1677,N,w,N
1678,N,n,N
1679,N,n,N
1680,N,g,N
1681,Y,w,N
1682,,g,N
1683,Y,y,N
1684,,w,Y
1685,N,w,N
1686,N,n,N
1687,N,g,N
1688,N,g,N
1689,Y,n,N
1690,Y,n,N
1691,Y,y,N
1692,Y,g,N
1693,,g,N
1694,N,n,N
1695,,w,N
1696,N,g,N
1697,N,w,N
1698,N,g,N
1699,N,g,N
1700,N,n,N
1701,Y,n,N
1702,N,w,N
1703,N,n,N
1704,Y,n,Y
1705,Y,n,N
1706,N,n,N
1707,N,w,N
1708,Y,n,Y
1709,N,g,N
1710,Y,g,N
1711,N,w,N
1712,N,g,N
1713,Y,n,N
1714,N,g,N
1715,,w,N
1716,Y,g,N
1717,Y,w,N
1718,Y,w,N
1719,N,g,N
1720,,w,N
1721,,n,N
1722,N,w,N
1723,N,n,N
1724,N,n,N
1725,Y,y,N
1726,,w,Y
1727,N,n,N
1728,N,n,N
1729,Y,n,N
1730,N,g,N
1731,N,w,N
1732,Y,n,Y
1733,N,g,N
1734,N,w,N
1735,Y,n,Y
1736,,n,N
1737,N,n,N
1738,Y,n,N
1739,N,w,N
1740,Y,w,Y
1741,N,w,N
1742,N,n,N
1743,N,g,N
1744,N,w,N
1745,Y,n,N
1746,Y,w,Y
1747,,w,N
1748,,n,N
1749,Y,n,Y
1750,N,w,N
1751,N,g,N
1752,,y,N
1753,N,w,N
1754,,w,N
1755,Y,n,Y
1756,N,n,N
1757,N,g,N
1758,N,n,N
1759,Y,n,N
1760,,g,N
1761,N,g,N
1762,N,w,N
1763,N,g,N
1764,Y,n,N
1765,,w,N
1766,Y,w,Y
1767,N,g,N
1768,N,n,N
1769,Y,n,N
1770,Y,y,N
1771,N,g,N
1772,N,n,N
1773,N,w,N
1774,Y,y,N
1775,,n,N
1776,N,w,N
1777,N,w,N
1778,Y,n,Y
1779,Y,w,Y
1780,N,n,N
1781,,g,N
1782,N,n,N
1783,N,w,N
1784,Y,w,Y
1785,Y,y,N
1786,N,n,N
1787,Y,n,Y
1788,N,g,N
1789,,g,N
1790,N,w,N
1791,Y,w,Y
1792,N,w,N
1793,N,n,N
1794,N,n,N
1795,N,n,N
1796,Y,n,Y
1797,N,w,N
1798,N,w,N
1799,Y,w,Y
1800,N,g,N
1801,Y,n,N
1802,N,g,N
1803,Y,g,N
1804,Y,n,N
1805,Y,n,N
1806,Y,e,N
1807,N,g,N
1808,,g,N
1809,Y,g,N
1810,N,g,N
1811,,n,Y
1812,Y,n,N
1813,Y,n,Y
1814,Y,w,N
1815,N,w,N
1816,Y,y,N
1817,N,g,Y
1818,N,n,N
1819,N,w,N
1820,,n,N
1821,N,n,N
1822,N,n,N
1823,,w,Y
1824,Y,n,N
1825,Y,w,N
1826,N,g,N
1827,Y,e,N
1828,N,w,N
1829,N,g,N
1830,Y,n,N
1831,,g,N
1832,,g,N
1833,N,w,N
1834,Y,g,N
1835,Y,n,N
1836,Y,e,N
1837,Y,n,N
1838,N,w,N
1839,Y,n,N
1840,,g,N
1841,N,g,N
1842,N,w,N
1843,Y,g,N
1844,Y,n,Y
1845,Y,e,N
1846,N,w,N
1847,,g,N
1848,,g,N
1849,Y,g,N
1850,Y,n,N
1851,Y,e,N
1852,N,w,N
1853,Y,e,N
1854,,n,N
1855,,g,N
1856,,n,N
1857,Y,y,N
1858,Y,e,N
1859,Y,w,Y
1860,N,w,N
1861,Y,e,N
1862,,n,N
1863,N,w,N
1864,Y,g,N
1865,N,g,N
1866,Y,e,N
1867,Y,n,N
1868,N,w,N
1869,N,n,N
1870,N,w,N
1871,,n,N
1872,Y,e,N
1873,N,w,N
1874,N,g,N
1875,Y,e,N
1876,Y,e,N
1877,Y,g,N
1878,Y,e,N
1879,N,n,N
1880,N,w,N
1881,N,w,N
1882,N,w,N
1883,Y,e,N
1884,Y,n,N
1885,,n,N
1886,Y,w,N
1887,N,w,N
1888,Y,w,Y
1889,,g,N
1890,Y,n,N
1891,N,w,N
1892,N,w,N
1893,N,n,N
1894,N,n,N
1895,N,g,N
1896,Y,n,N
1897,Y,n,N
1898,N,g,N
1899,,n,N
1900,,g,N
1901,Y,g,N
1902,N,w,N
1903,N,n,N
1904,N,w,N
1905,N,g,N
1906,N,n,N
1907,,n,N
1908,Y,n,N
1909,N,g,N
1910,N,w,N
1911,,e,N
1912,Y,g,N
1913,Y,e,N
1914,,g,N
1915,N,g,N
1916,,y,N
1917,Y,w,Y
1918,N,n,N
1919,N,n,N
1920,Y,n,N
1921,Y,e,N
1922,,g,N
1923,N,n,N
1924,N,g,N
1925,Y,e,N
1926,,n,N
1927,N,n,N
1928,N,n,N
1929,N,w,N
1930,N,g,N
1931,Y,w,Y
1932,,w,N
1933,Y,n,N
1934,N,g,N
1935,N,n,N
1936,N,n,N
1937,Y,w,N
1938,,w,N
1939,N,w,N
1940,,g,N
1941,Y,e,N
1942,,n,N
1943,Y,n,N
1944,N,w,N
1945,,n,N
1946,Y,w,Y
1947,N,n,N
1948,Y,g,N
1949,Y,g,N
1950,,g,N
1951,Y,g,N
1952,Y,e,N
1953,,g,N
1954,Y,g,N
1955,Y,n,N
1956,Y,w,Y
1957,N,n,N
1958,Y,n,N
1959,,g,N
1960,Y,n,Y
1961,Y,g,N
1962,N,g,N
1963,Y,e,N
1964,N,n,N
1965,N,w,N
1966,,n,N
1967,Y,e,N
1968,N,n,N
1969,Y,n,N
1970,N,w,N
1971,,n,N
1972,N,n,N
1973,Y,n,Y
1974,Y,n,N
1975,N,n,N
1976,Y,w,Y
1977,Y,n,N
1978,Y,g,N
1979,N,n,N
1980,,e,N
1981,N,w,N
1982,N,w,N
1983,,w,N
1984,N,w,N
1985,Y,g,N
1986,Y,g,N
1987,,g,N
1988,Y,w,Y
1989,Y,e,N
1990,Y,n,Y
1991,Y,n,Y
1992,Y,g,N
1993,N,n,N
1994,Y,g,N
1995,N,n,N
1996,Y,n,N
1997,N,n,N
1998,N,n,N
1999,,n,N
2000,N,n,N
2001,Y,n,N
2002,,e,N
2003,N,n,N
2004,,n,N
2005,,w,Y
2006,Y,y,N
2007,Y,n,Y
2008,N,w,N
2009,N,n,N
2010,,n,Y
2011,N,n,N
2012,N,n,N
2013,Y,e,N
2014,N,n,N
2015,,w,N
2016,,g,N
2017,N,w,N
2018,Y,y,N
2019,,w,N
2020,N,n,N
2021,Y,n,N
2022,Y,g,N
2023,Y,n,N
2024,N,n,N
2025,Y,g,N
2026,Y,n,N
2027,,g,N
2028,Y,n,N
2029,N,n,N
2030,Y,w,N
2031,Y,e,N
2032,N,n,N
2033,,e,N
2034,Y,n,N
2035,Y,g,N
2036,,g,N
2037,N,n,N
2038,,g,N
2039,,g,N
2040,Y,e,N
2041,Y,g,N
2042,Y,n,N
2043,N,n,N
2044,N,n,N
2045,N,w,N
2046,Y,y,N
2047,Y,e,N
2048,N,n,N
2049,Y,n,N
2050,,g,N
2051,N,w,N
2052,Y,w,N
2053,N,n,N
2054,N,w,N
2055,Y,n,N
2056,N,w,N
2057,Y,g,N
2058,Y,n,N
2059,N,w,N
2060,Y,w,N
2061,N,g,N
2062,Y,n,Y
2063,,g,N
2064,Y,n,N
2065,N,w,N
2066,Y,n,N
2067,Y,e,N
2068,Y,n,Y
2069,N,g,N
2070,,g,N
2071,,g,N
2072,Y,g,N
2073,Y,g,N
2074,,n,N
2075,Y,w,Y
2076,Y,y,N
2077,Y,n,N
2078,,n,N
2079,N,g,N
2080,,e,N
2081,N,g,N
2082,N,w,N
2083,Y,n,N
2084,Y,n,N
2085,N,g,N
2086,,g,N
2087,N,n,N
2088,Y,g,N
2089,Y,e,N
2090,,n,Y
2091,Y,g,N
2092,N,w,N
2093,Y,w,N
2094,N,w,N
2095,,n,N
2096,Y,g,N
2097,Y,g,N
2098,N,g,N
2099,Y,w,Y
2100,N,n,N
2101,,g,N
2102,Y,g,N
2103,Y,n,N
2104,Y,e,N
2105,Y,n,N
2106,Y,e,N
2107,Y,n,N
2108,Y,e,N
2109,Y,g,N
2110,Y,g,N
2111,Y,e,N
2112,Y,e,N
2113,Y,w,Y
2114,,e,N
2115,,g,N
2116,Y,n,N
2117,Y,e,N
2118,Y,g,N
2119,Y,g,N
2120,,g,N
2121,Y,e,N
2122,Y,e,N
2123,,n,N
2124,Y,n,N
2125,,g,N
2126,Y,e,N
2127,,g,N
2128,Y,g,N
2129,N,g,Y
2130,Y,w,Y
2131,,e,N
2132,N,w,N
2133,Y,n,N
2134,Y,n,N
2135,Y,n,N
2136,Y,g,N
2137,Y,g,N
2138,,e,N
2139,Y,n,N
2140,Y,g,N
2141,Y,e,N
2142,Y,e,N
2143,Y,n,N
2144,Y,e,N
2145,Y,n,N
2146,Y,n,N
2147,Y,n,N
2148,Y,n,Y
2149,Y,e,N
2150,Y,w,Y
2151,Y,e,N
2152,Y,n,N
2153,Y,n,N
2154,Y,e,N
2155,Y,e,N
2156,Y,g,N
2157,Y,n,N
2158,Y,n,N
2159,,n,N
2160,Y,e,N
2161,Y,n,N
2162,Y,e,N
2163,Y,g,N
2164,Y,n,N
2165,Y,n,N
2166,,e,N
2167,Y,e,N
2168,Y,g,N
2169,Y,g,N
2170,Y,e,N
2171,Y,g,N
2172,Y,g,N
2173,Y,g,N
2174,Y,g,N
2175,Y,e,N
2176,,n,N
2177,Y,n,N
2178,Y,e,N
2179,N,g,Y
2180,Y,g,N
2181,Y,e,N
2182,Y,n,N
2183,Y,n,N
2184,Y,e,N
2185,,n,N
2186,Y,n,N
2187,Y,g,N
2188,Y,e,N
2189,Y,g,N
2190,Y,g,N
2191,Y,n,N
2192,Y,g,N
2193,,g,N
2194,Y,e,N
2195,Y,g,N
2196,Y,e,N
2197,Y,g,N
2198,Y,g,N
2199,Y,g,N
2200,Y,g,N
2201,N,w,N
2202,,n,N
2203,Y,n,N
2204,Y,g,N
2205,Y,g,N
2206,Y,e,N
2207,Y,e,N
2208,Y,n,N
2209,Y,g,N
2210,Y,g,N
2211,N,p,Y
2212,,n,N
2213,Y,g,N
2214,Y,e,N
2215,Y,n,N
2216,Y,n,N
2217,Y,g,N
2218,,n,N
2219,,n,N
2220,Y,n,N
2221,Y,e,N
2222,Y,g,N
2223,,e,N
2224,Y,e,N
2225,,n,N
2226,Y,e,N
2227,Y,e,N
2228,N,w,N
2229,Y,g,N
2230,,e,N
2231,Y,g,N
2232,,e,N
2233,,g,N
2234,Y,e,N
2235,Y,g,N
2236,Y,e,N
2237,Y,g,N
2238,,g,N
2239,N,g,Y
2240,Y,e,N
2241,Y,e,N
2242,Y,w,Y
2243,Y,n,N
2244,Y,e,N
2245,Y,e,N
2246,Y,g,N
2247,,g,N
2248,,g,N
2249,,n,N
2250,,e,N
2251,Y,g,N
2252,Y,n,N
2253,,g,N
2254,Y,g,N
2255,Y,n,N
2256,,g,N
2257,Y,n,N
2258,Y,g,N
2259,,e,N
2260,Y,n,N
2261,,g,N
2262,,n,N
2263,Y,n,N
2264,,e,N
2265,Y,e,N
2266,Y,n,N
2267,,w,N
2268,,n,N
2269,,e,N
2270,Y,g,N
2271,,g,N
2272,N,n,N
2273,,g,N
2274,,e,N
2275,Y,g,N
2276,Y,n,N
2277,Y,e,N
2278,Y,n,N
2279,,g,N
2280,Y,g,N
2281,Y,n,N
2282,Y,n,N
2283,Y,e,N
2284,,g,N
2285,,n,N
2286,N,p,Y
2287,,g,N
2288,Y,n,N
2289,,n,Y
2290,Y,n,N
2291,Y,g,N
2292,,e,N
2293,Y,e,N
2294,Y,e,N
2295,Y,g,N
2296,,w,N
2297,Y,g,N
2298,N,n,N
2299,Y,n,N
2300,Y,g,N
2301,,e,N
2302,,n,N
2303,Y,g,N
2304,,g,N
2305,Y,g,N
2306,Y,g,N
2307,Y,g,N
2308,Y,e,N
2309,Y,e,N
2310,Y,n,N
2311,,n,N
2312,Y,n,N
2313,,n,N
2314,Y,g,N
2315,Y,e,N
2316,Y,n,N
2317,Y,e,N
2318,Y,n,N
2319,Y,g,N
2320,,n,N
2321,Y,g,N
2322,,e,N
2323,Y,n,N
2324,Y,g,N
2325,Y,e,N
2326,Y,n,N
2327,Y,n,N
2328,Y,g,N
2329,,n,N
2330,Y,e,N
2331,Y,n,N
2332,Y,n,N
2333,Y,n,N
2334,Y,e,N
2335,Y,e,N
2336,Y,g,N
2337,Y,g,N
2338,Y,e,N
2339,Y,n,N
2340,Y,e,N
2341,Y,g,N
2342,Y,g,N
2343,Y,e,N
2344,Y,n,N
2345,Y,n,N
2346,Y,g,N
2347,N,w,N
2348,Y,g,N
2349,,g,N
2350,Y,n,N
2351,Y,e,N
2352,Y,w,Y
2353,Y,g,N
2354,Y,n,N
2355,,g,N
2356,,e,N
2357,Y,g,N
2358,Y,n,N
2359,,e,N
2360,,n,N
2361,Y,n,N
2362,Y,n,N
2363,Y,g,N
2364,Y,n,N
2365,Y,e,N
2366,Y,n,N
2367,,e,N
2368,N,w,N
2369,Y,n,N
2370,,g,N
2371,Y,n,N
2372,Y,e,N
2373,Y,n,N
2374,,n,N
2375,Y,n,N
2376,Y,w,Y
2377,Y,g,N
2378,N,w,N
2379,N,g,N
2380,Y,g,N
2381,Y,n,N
2382,Y,e,N
2383,Y,g,N
2384,Y,n,N
2385,,n,N
2386,,g,Y
2387,Y,e,N
2388,,n,N
2389,Y,w,Y
2390,Y,g,N
2391,,n,N
2392,Y,n,N
2393,,g,N
2394,,g,N
2395,Y,n,N
2396,Y,n,N
2397,Y,g,N
2398,Y,g,N
2399,Y,e,N
2400,Y,e,N
2401,Y,w,Y
2402,Y,g,N
2403,Y,g,N
2404,Y,e,N
2405,Y,g,N
2406,Y,n,N
2407,,e,N
2408,,e,N
2409,Y,e,N
2410,Y,g,N
2411,Y,g,N
2412,Y,n,N
2413,Y,n,N
2414,,g,N
2415,Y,g,N
2416,Y,n,N
2417,,n,N
2418,,n,N
2419,Y,n,N
2420,Y,n,N
2421,Y,n,N
2422,Y,n,N
2423,Y,n,N
2424,Y,g,N
2425,Y,e,N
2426,Y,n,N
2427,N,p,Y
2428,Y,e,N
2429,Y,n,N
2430,Y,n,N
2431,Y,e,N
2432,Y,e,N
2433,Y,g,N
2434,Y,g,N
2435,Y,g,N
2436,,g,N
2437,Y,g,N
2438,Y,e,N
2439,Y,n,N
2440,Y,e,N
2441,Y,g,N
2442,Y,g,N
2443,Y,g,N
2444,,g,Y
2445,Y,n,N
2446,Y,e,N
2447,Y,n,N
2448,Y,n,N
2449,,n,N
2450,Y,g,N
2451,Y,g,N
2452,Y,g,N
2453,N,g,N
2454,Y,g,N
2455,,e,N
2456,,n,N
2457,Y,e,N
2458,Y,g,N
2459,Y,n,N
2460,,e,N
2461,Y,n,N
2462,,g,N
2463,,g,N
2464,,g,N
2465,,n,N
2466,Y,g,N
2467,Y,n,N
2468,Y,e,N
2469,Y,n,N
2470,Y,g,N
2471,Y,g,N
2472,,g,N
2473,Y,n,N
2474,Y,g,N
2475,Y,g,N
2476,,e,N
2477,Y,n,N
2478,Y,g,N
2479,,n,Y
2480,N,g,N
2481,Y,g,N
2482,Y,e,N
2483,N,p,Y
2484,Y,n,N
2485,Y,e,N
2486,Y,n,N
2487,Y,e,N
2488,,w,N
2489,Y,g,N
2490,Y,g,N
2491,Y,g,N
2492,Y,e,N
2493,Y,g,N
2494,Y,g,N
2495,Y,e,N
2496,,w,Y
2497,Y,n,N
2498,Y,e,N
2499,Y,e,N
2500,Y,g,N
2501,,w,N
2502,N,n,N
2503,Y,n,N
2504,Y,n,N
2505,Y,e,N
2506,Y,e,N
2507,Y,e,N
2508,,n,N
2509,Y,g,N
2510,Y,n,N
2511,Y,e,N
2512,Y,e,N
2513,N,w,Y
2514,Y,n,N
2515,Y,g,N
2516,Y,n,N
2517,Y,n,N
2518,,e,N
2519,N,w,N
2520,,g,N
2521,Y,e,N
2522,Y,n,N
2523,Y,n,N
2524,Y,n,N
2525,Y,g,N
2526,Y,n,N
2527,Y,g,N
2528,Y,n,N
2529,Y,n,N
2530,Y,n,N
2531,Y,g,N
2532,Y,e,N
2533,,n,N
2534,N,g,Y
2535,Y,g,N
2536,Y,e,N
2537,N,g,Y
2538,Y,e,N
2539,Y,e,N
2540,N,g,Y
2541,N,p,Y
2542,Y,g,N
2543,Y,g,N
2544,Y,g,N
2545,Y,g,N
2546,Y,g,N
2547,,g,N
2548,Y,g,N
2549,Y,e,N
2550,Y,n,N
2551,Y,n,N
2552,,n,N
2553,,n,N
2554,,g,N
2555,Y,g,N
2556,Y,n,N
2557,Y,e,N
2558,Y,n,N
2559,,g,N
2560,,n,N
2561,N,w,Y
2562,Y,n,N
2563,Y,e,N
2564,,n,N
2565,Y,g,N
2566,,e,N
2567,N,g,Y
2568,,e,N
2569,Y,g,N
2570,Y,e,N
2571,Y,e,N
2572,N,g,Y
2573,Y,n,N
2574,Y,n,N
2575,,n,N
2576,Y,n,N
2577,,g,N
2578,Y,n,N
2579,Y,g,N
2580,Y,e,N
2581,Y,e,N
2582,Y,g,N
2583,Y,e,N
2584,,n,N
2585,Y,n,N
2586,Y,g,N
2587,Y,g,N
2588,Y,e,N
2589,,n,N
2590,,n,N
2591,Y,e,N
2592,Y,n,N
2593,Y,n,N
2594,Y,n,N
2595,N,g,Y
2596,Y,g,N
2597,Y,n,N
2598,Y,g,N
2599,Y,g,N
2600,Y,g,N
2601,Y,n,N
2602,Y,g,N
2603,Y,n,N
2604,Y,e,N
2605,Y,n,N
2606,N,g,Y
2607,Y,e,N
2608,Y,n,N
2609,Y,e,N
2610,Y,e,N
2611,Y,e,N
2612,Y,g,N
2613,Y,n,N
2614,Y,g,N
2615,,g,N
2616,Y,n,N
2617,Y,g,N
2618,Y,g,N
2619,Y,n,N
2620,Y,e,N
2621,Y,n,N
2622,Y,e,N
2623,,n,N
2624,Y,n,N
2625,Y,e,N
2626,Y,g,N
2627,Y,n,N
2628,N,g,Y
2629,Y,g,N
2630,Y,n,N
2631,N,n,N
2632,Y,n,N
2633,Y,g,N
2634,Y,g,N
2635,Y,g,N
2636,Y,e,N
2637,Y,g,N
2638,,g,N
2639,Y,g,N
2640,,n,N
2641,Y,n,N
2642,Y,e,N
2643,Y,e,N
2644,Y,n,N
2645,Y,n,N
2646,,g,N
2647,Y,g,N
2648,N,w,N
2649,Y,n,N
2650,Y,g,N
2651,Y,e,N
2652,Y,e,N
2653,Y,n,N
2654,Y,n,N
2655,Y,g,N
2656,Y,n,N
2657,,e,N
2658,Y,e,N
2659,Y,e,N
2660,Y,e,N
2661,Y,e,N
2662,Y,e,N
2663,Y,n,N
2664,Y,g,N
2665,,g,N
2666,Y,g,N
2667,Y,n,N
2668,Y,e,N
2669,Y,e,N
2670,,g,N
2671,Y,e,N
2672,Y,n,N
2673,Y,e,N
2674,Y,n,N
2675,,n,N
2676,Y,n,N
2677,Y,g,N
2678,Y,e,N
2679,Y,e,N
2680,Y,g,N
2681,Y,n,N
2682,Y,n,N
2683,Y,n,N
2684,N,p,Y
2685,Y,e,N
2686,,n,N
2687,Y,e,N
2688,Y,n,N
2689,,n,N
2690,Y,g,N
2691,N,n,N
2692,Y,g,N
2693,Y,n,N
2694,Y,n,N
2695,Y,g,N
2696,Y,e,N
2697,Y,n,N
2698,N,g,Y
2699,Y,e,N
2700,Y,g,N
2701,,e,N
2702,Y,e,N
2703,,e,N
2704,Y,n,N
2705,Y,n,N
2706,Y,n,N
2707,Y,e,N
2708,Y,e,N
2709,Y,n,N
2710,Y,g,N
2711,Y,n,N
2712,Y,e,N
2713,Y,e,N
2714,Y,e,N
2715,Y,e,N
2716,Y,n,N
2717,Y,e,N
2718,Y,e,N
2719,Y,n,N
2720,Y,e,N
2721,Y,n,N
2722,Y,e,N
2723,Y,g,N
2724,Y,n,N
2725,Y,e,N
2726,Y,n,N
2727,,e,N
2728,Y,g,N
2729,,g,N
2730,,n,N
2731,N,g,N
2732,Y,n,N
2733,Y,g,N
2734,Y,g,N
2735,Y,n,N
2736,Y,e,N
2737,Y,e,N
2738,Y,n,N
2739,Y,e,N
2740,Y,e,N
2741,Y,n,N
2742,Y,g,N
2743,Y,e,N
2744,Y,n,N
2745,,n,N
2746,Y,e,N
2747,,g,N
2748,Y,n,N
2749,,g,N
2750,N,g,Y
2751,Y,n,N
2752,Y,g,N
2753,Y,n,N
2754,Y,g,N
2755,Y,n,N
2756,Y,n,N
2757,Y,n,N
2758,Y,n,N
2759,Y,n,N
2760,,n,N
2761,Y,g,N
2762,Y,g,N
2763,,g,N
2764,Y,g,N
2765,Y,n,N
2766,,g,N
2767,N,g,Y
2768,Y,n,N
2769,Y,g,N
2770,Y,g,N
2771,N,g,Y
2772,Y,n,N
2773,,e,N
2774,,n,N
2775,Y,e,N
2776,Y,e,N
2777,Y,n,N
2778,Y,n,N
2779,Y,e,N
2780,Y,g,N
2781,Y,n,N
2782,Y,e,N
2783,Y,g,N
2784,Y,g,N
2785,Y,g,N
2786,Y,n,N
2787,Y,n,N
2788,Y,e,N
2789,N,g,N
2790,Y,e,N
2791,,g,N
2792,Y,e,N
2793,Y,g,N
2794,Y,n,N
2795,,e,N
2796,Y,e,N
2797,Y,g,N
2798,N,w,Y
2799,,e,N
2800,Y,e,N
2801,,n,N
2802,N,w,N
2803,Y,g,N
2804,Y,g,N
2805,Y,g,N
2806,Y,e,N
2807,Y,e,N
2808,Y,n,N
2809,Y,e,N
2810,Y,e,N
2811,,e,N
2812,Y,n,N
2813,,g,N
2814,Y,g,N
2815,,g,N
2816,Y,e,N
2817,Y,n,N
2818,N,n,N
2819,Y,e,N
2820,,g,N
2821,Y,n,N
2822,Y,g,N
2823,Y,e,N
2824,,n,N
2825,,g,N
2826,Y,g,N
2827,Y,e,N
2828,Y,n,N
2829,Y,g,N
2830,Y,n,N
2831,,e,N
2832,Y,e,N
2833,Y,n,N
2834,Y,n,N
2835,Y,g,N
2836,,e,N
2837,Y,n,N
2838,Y,n,N
2839,Y,e,N
2840,Y,g,N
2841,,g,N
2842,N,p,Y
2843,Y,n,N
2844,,e,N
2845,N,n,N
2846,Y,g,N
2847,Y,g,N
2848,Y,n,N
2849,Y,g,N
2850,Y,g,N
2851,,n,N
2852,Y,e,N
2853,Y,n,N
2854,,g,N
2855,Y,n,N
2856,Y,g,N
2857,,e,N
2858,,g,N
2859,Y,g,N
2860,Y,e,N
2861,N,p,Y
2862,,n,N
2863,Y,e,N
2864,,g,N
2865,Y,g,N
2866,Y,g,N
2867,Y,e,N
2868,Y,n,N
2869,Y,g,N
2870,Y,e,N
2871,Y,n,N
2872,Y,g,N
2873,,n,N
2874,,e,N
2875,Y,e,N
2876,Y,g,N
2877,Y,g,N
2878,Y,e,N
2879,Y,g,N
2880,Y,e,N
2881,Y,e,N
2882,N,w,N
2883,,n,N
2884,Y,e,N
2885,,e,N
2886,Y,g,N
2887,,n,N
2888,N,g,Y
2889,,e,N
2890,Y,g,N
2891,,n,N
2892,Y,e,N
2893,N,w,Y
2894,Y,e,N
2895,,g,N
2896,Y,n,N
2897,,n,N
2898,,n,N
2899,Y,g,N
2900,Y,n,N
2901,Y,g,N
2902,Y,n,N
2903,Y,g,N
2904,N,g,Y
2905,Y,g,N
2906,Y,g,N
2907,Y,g,N
2908,Y,e,N
2909,Y,g,N
2910,Y,g,N
2911,,g,N
2912,Y,e,N
2913,Y,g,N
2914,Y,e,N
2915,Y,n,N
2916,,g,N
2917,Y,e,N
2918,Y,n,N
2919,Y,e,N
2920,Y,n,N
2921,Y,n,N
2922,Y,g,N
2923,Y,e,N
2924,Y,g,N
2925,Y,g,N
2926,Y,g,N
2927,N,g,Y
2928,Y,g,N
2929,Y,g,N
2930,Y,n,N
2931,Y,g,N
2932,Y,n,N
2933,Y,n,N
2934,,e,N
2935,Y,n,N
2936,Y,g,N
2937,Y,g,N
2938,,g,Y
2939,Y,n,N
2940,Y,n,N
2941,,e,N
2942,Y,n,N
2943,,n,N
2944,,g,N
2945,Y,n,N
2946,Y,e,N
2947,Y,g,N
2948,Y,g,N
2949,Y,e,N
2950,Y,e,N
2951,,g,N
2952,,n,N
2953,Y,e,N
2954,Y,n,N
2955,Y,e,N
2956,Y,n,N
2957,Y,e,N
2958,Y,n,N
2959,,e,N
2960,Y,e,N
2961,,n,N
2962,Y,n,N
2963,,e,N
2964,,n,N
2965,,n,N
2966,Y,e,N
2967,N,g,N
2968,Y,e,N
2969,,e,N
2970,,n,N
2971,Y,n,N
2972,Y,g,N
2973,Y,g,N
2974,,n,N
2975,Y,n,N
2976,Y,n,N
2977,,g,N
2978,Y,g,N
2979,Y,e,N
2980,,g,N
2981,Y,e,N
2982,Y,g,N
2983,Y,e,N
2984,Y,e,N
2985,,e,N
2986,Y,g,N
2987,,g,N
2988,Y,e,N
2989,Y,g,N
2990,,n,N
2991,N,g,Y
2992,Y,n,N
2993,,g,N
2994,Y,n,N
2995,Y,e,N
2996,,g,N
2997,Y,n,N
2998,Y,e,N
2999,Y,e,N
3000,Y,n,N
3001,Y,n,N
3002,N,y,Y
3003,Y,n,N
3004,N,g,Y
3005,N,g,Y
3006,Y,g,N
3007,Y,e,N
3008,Y,n,N
3009,Y,e,N
3010,N,g,Y
3011,Y,g,N
3012,,e,N
3013,Y,e,N
3014,N,w,Y
3015,,e,N
3016,Y,n,N
3017,N,g,Y
3018,N,g,Y
3019,Y,e,N
3020,Y,e,N
3021,,n,N
3022,,g,N
3023,,e,N
3024,,e,N
3025,Y,e,N
3026,Y,e,N
3027,N,p,Y
3028,,g,Y
3029,,e,N
3030,Y,g,N
3031,Y,g,N
3032,,g,N
3033,Y,e,N
3034,Y,e,N
3035,N,g,Y
3036,,n,N
3037,Y,e,N
3038,N,g,Y
3039,,e,N
3040,Y,e,N
3041,N,y,Y
3042,N,y,Y
3043,Y,n,N
3044,Y,n,N
3045,,g,N
3046,Y,n,N
3047,Y,e,N
3048,,p,Y
3049,Y,n,N
3050,Y,e,N
3051,Y,e,N
3052,Y,n,N
3053,,w,Y
3054,,g,N
3055,Y,g,N
3056,Y,g,N
3057,Y,n,N
3058,N,g,Y
3059,,p,Y
3060,Y,e,N
3061,N,g,Y
3062,N,w,Y
3063,N,g,Y
3064,Y,n,N
3065,N,y,Y
3066,Y,g,N
3067,Y,n,N
3068,Y,g,N
3069,N,w,Y
3070,,g,Y
3071,Y,g,N
3072,Y,n,N
3073,Y,g,N
3074,N,g,Y
3075,,n,N
3076,N,g,Y
3077,Y,e,N
3078,Y,n,N
3079,N,g,Y
3080,Y,g,N
3081,,g,N
3082,Y,e,N
3083,N,g,Y
3084,Y,e,N
3085,Y,n,N
3086,N,g,Y
3087,Y,e,N
3088,N,g,Y
3089,Y,e,N
3090,N,g,Y
3091,,g,Y
3092,N,g,Y
3093,Y,e,N
3094,,g,Y
3095,,e,N
3096,N,g,Y
3097,,g,N
3098,N,p,Y
3099,,e,N
3100,Y,e,N
3101,Y,e,N
3102,Y,n,N
3103,N,g,Y
3104,N,y,Y
3105,N,g,Y
3106,Y,e,N
3107,Y,e,N
3108,Y,e,N
3109,Y,n,N
3110,N,g,Y
3111,N,g,Y
3112,Y,g,N
3113,Y,e,N
3114,,e,N
3115,,g,N
3116,Y,n,N
3117,Y,n,N
3118,Y,e,N
3119,N,g,Y
3120,,w,Y
3121,Y,g,N
3122,Y,g,N
3123,N,g,Y
3124,Y,e,N
3125,N,w,Y
3126,Y,g,N
3127,Y,g,N
3128,Y,g,N
3129,,e,N
3130,Y,n,N
3131,Y,g,N
3132,,n,N
3133,Y,g,N
3134,Y,g,N
3135,Y,n,N
3136,,e,N
3137,,e,N
3138,Y,e,N
3139,N,y,Y
3140,Y,g,N
3141,,n,N
3142,,g,Y
3143,,g,N
3144,,g,N
3145,Y,g,N
3146,Y,e,N
3147,Y,g,N
3148,N,w,Y
3149,N,w,Y
3150,Y,n,N
3151,,e,N
3152,Y,e,N
3153,N,g,Y
3154,,g,N
3155,Y,g,N
3156,Y,g,N
3157,,w,Y
3158,Y,e,N
3159,Y,e,N
3160,,g,Y
3161,,e,N
3162,N,g,Y
3163,N,p,Y
3164,Y,g,N
3165,N,g,Y
3166,N,w,Y
3167,N,g,Y
3168,Y,e,N
3169,N,g,Y
3170,,g,Y
3171,Y,g,N
3172,Y,n,N
3173,,e,N
3174,N,g,Y
3175,N,p,Y
3176,Y,n,N
3177,Y,e,N
3178,,n,N
3179,Y,g,N
3180,N,g,Y
3181,Y,n,N
3182,N,p,Y
3183,N,w,Y
3184,Y,e,N
3185,Y,n,N
3186,,e,N
3187,Y,g,N
3188,N,g,Y
3189,N,g,Y
3190,Y,e,N
3191,N,y,Y
3192,,p,Y
3193,Y,e,N
3194,N,y,Y
3195,Y,e,N
3196,Y,e,N
3197,Y,n,N
3198,,e,N
3199,Y,g,N
3200,N,g,Y
3201,Y,e,N
3202,N,g,Y
3203,Y,e,N
3204,Y,e,N
3205,Y,g,N
3206,N,g,Y
3207,,g,N
3208,Y,g,N
3209,,g,Y
3210,N,w,Y
3211,Y,e,N
3212,N,y,Y
3213,Y,e,N
3214,Y,g,N
3215,Y,e,N
3216,Y,g,N
3217,Y,g,N
3218,Y,e,N
3219,N,g,Y
3220,Y,g,N
3221,,n,N
3222,Y,g,N
3223,Y,g,N
3224,Y,n,N
3225,Y,g,N
3226,Y,g,N
3227,N,g,Y
3228,N,w,Y
3229,,g,N
3230,Y,g,N
3231,Y,g,N
3232,N,g,Y
3233,N,w,Y
3234,,g,Y
3235,Y,g,N
3236,N,g,Y
3237,Y,e,N
3238,Y,g,N
3239,Y,g,N
3240,N,g,Y
3241,Y,g,N
3242,,g,N
3243,,w,Y
3244,,y,Y
3245,Y,e,N
3246,N,g,Y
3247,,g,Y
3248,Y,n,N
3249,N,g,Y
3250,Y,n,N
3251,,g,N
3252,Y,g,N
3253,Y,g,N
3254,N,g,Y
3255,Y,g,N
3256,,e,N
3257,Y,n,N
3258,Y,g,N
3259,N,p,Y
3260,N,g,Y
3261,Y,g,N
3262,Y,g,N
3263,N,p,Y
3264,Y,g,N
3265,N,g,Y
3266,N,g,Y
3267,Y,n,N
3268,Y,n,N
3269,N,g,Y
3270,N,g,Y
3271,N,p,Y
3272,Y,e,N
3273,Y,g,N
3274,Y,e,N
3275,N,y,Y
3276,Y,g,N
3277,,w,Y
3278,N,g,Y
3279,Y,e,N
3280,Y,g,N
3281,N,g,Y
3282,N,g,Y
3283,N,p,Y
3284,Y,g,N
3285,N,g,Y
3286,Y,n,N
3287,,n,N
3288,Y,e,N
3289,Y,g,N
3290,Y,e,N
3291,Y,g,N
3292,Y,g,N
3293,N,p,Y
3294,Y,e,N
3295,Y,e,N
3296,,w,Y
3297,Y,g,N
3298,Y,n,N
3299,,g,Y
3300,Y,e,N
3301,N,g,Y
3302,Y,e,N
3303,,g,N
3304,,g,N
3305,N,g,Y
3306,Y,e,N
3307,N,w,Y
3308,Y,n,N
3309,Y,g,N
3310,,n,N
3311,Y,e,N
3312,,g,N
3313,,e,N
3314,N,g,Y
3315,Y,g,N
3316,Y,g,N
3317,Y,g,N
3318,,g,N
3319,Y,e,N
3320,Y,e,N
3321,Y,n,N
3322,Y,n,N
3323,N,p,Y
3324,N,g,Y
3325,Y,g,N
3326,,e,N
3327,,w,Y
3328,N,p,Y
3329,N,g,Y
3330,Y,g,N
3331,Y,e,N
3332,N,p,Y
3333,,g,N
3334,Y,n,N
3335,N,g,Y
3336,Y,n,N
3337,,e,N
3338,,w,Y
3339,Y,n,N
3340,,g,Y
3341,Y,e,N
3342,N,y,Y
3343,Y,g,N
3344,Y,e,N
3345,,e,N
3346,Y,g,N
3347,N,g,Y
3348,Y,g,N
3349,,e,N
3350,N,g,Y
3351,Y,n,N
3352,N,g,Y
3353,N,g,Y
3354,Y,e,N
3355,Y,n,N
3356,,g,N
3357,,g,N
3358,N,w,Y
3359,N,g,Y
3360,N,g,Y
3361,Y,e,N
3362,Y,e,N
3363,N,g,Y
3364,N,g,Y
3365,Y,e,N
3366,N,p,Y
3367,N,g,Y
3368,Y,e,N
3369,Y,e,N
3370,Y,e,N
3371,,n,N
3372,,p,Y
3373,,g,Y
3374,Y,e,N
3375,Y,e,N
3376,Y,g,N
3377,Y,e,N
3378,Y,n,N
3379,,e,N
3380,N,y,Y
3381,Y,g,N
3382,N,p,Y
3383,,e,N
3384,Y,g,N
3385,Y,e,N
3386,Y,e,N
3387,Y,g,N
3388,Y,e,N
3389,N,w,Y
3390,N,g,Y
3391,N,p,Y
3392,Y,g,N
3393,Y,n,N
3394,N,g,Y
3395,Y,n,N
3396,N,p,Y
3397,Y,e,N
3398,,w,Y
3399,Y,n,N
3400,N,g,Y
3401,N,g,Y
3402,Y,n,N
3403,N,g,Y
3404,N,p,Y
3405,,e,N
3406,N,g,Y
3407,Y,g,N
3408,Y,g,N
3409,Y,n,N
3410,,n,N
3411,Y,n,N
3412,,g,Y
3413,Y,g,N
3414,,e,N
3415,Y,g,N
3416,Y,e,N
3417,,n,N
3418,N,g,Y
3419,N,g,Y
3420,Y,e,N
3421,Y,g,N
3422,N,g,Y
3423,Y,n,N
3424,Y,g,N
3425,,e,N
3426,N,y,Y
3427,N,g,Y
3428,Y,g,N
3429,Y,n,N
3430,Y,n,N
3431,Y,g,N
3432,,g,N
3433,N,g,Y
3434,,g,N
3435,Y,e,N
3436,,g,Y
3437,Y,g,N
3438,N,g,Y
3439,Y,e,N
3440,N,g,Y
3441,,g,N
3442,,p,Y
3443,Y,e,N
3444,,p,Y
3445,N,w,Y
3446,,g,N
3447,N,p,Y
3448,N,g,Y
3449,,n,N
3450,,g,N
3451,Y,e,N
3452,N,g,Y
3453,N,g,Y
3454,N,g,Y
3455,,w,Y
3456,Y,n,N
3457,,g,N
3458,N,w,Y
3459,Y,g,N
3460,Y,n,N
3461,Y,g,N
3462,Y,e,N
3463,Y,e,N
3464,N,w,Y
3465,Y,e,N
3466,N,y,Y
3467,Y,g,N
3468,Y,n,N
3469,N,g,Y
3470,N,p,Y
3471,Y,e,N
3472,,g,N
3473,Y,g,N
3474,,g,Y
3475,Y,n,N
3476,Y,g,N
3477,,g,N
3478,N,g,Y
3479,Y,n,N
3480,,g,Y
3481,Y,g,N
3482,,e,N
3483,Y,e,N
3484,N,w,Y
3485,N,w,Y
3486,Y,e,N
3487,Y,e,N
3488,Y,n,N
3489,N,g,Y
3490,Y,g,N
3491,N,g,Y
3492,Y,e,N
3493,N,g,Y
3494,Y,g,N
3495,Y,e,N
3496,Y,n,N
3497,,g,Y
3498,Y,e,N
3499,Y,g,N
3500,Y,g,N
3501,,w,Y
3502,Y,e,N
3503,Y,e,N
3504,Y,e,N
3505,Y,e,N
3506,Y,n,N
3507,N,g,Y
3508,Y,g,N
3509,N,g,Y
3510,Y,g,N
3511,Y,n,N
3512,N,g,Y
3513,Y,g,N
3514,,g,Y
3515,,e,N
3516,N,g,Y
3517,,e,N
3518,Y,n,N
3519,,e,N
3520,Y,e,N
3521,Y,g,N
3522,N,p,Y
3523,N,g,Y
3524,,g,N
3525,Y,e,N
3526,N,p,Y
3527,Y,n,N
3528,Y,g,N
3529,Y,e,N
3530,Y,e,N
3531,Y,g,N
3532,N,w,Y
3533,Y,g,N
3534,,g,Y
3535,Y,n,N
3536,,n,N
3537,N,g,Y
3538,Y,g,N
3539,,e,N
3540,N,g,Y
3541,Y,n,N
3542,Y,e,N
3543,Y,e,N
3544,N,p,Y
3545,N,g,Y
3546,Y,e,N
3547,Y,g,N
3548,N,p,Y
3549,Y,g,N
3550,Y,e,N
3551,Y,n,N
3552,Y,g,N
3553,Y,n,N
3554,Y,n,N
3555,N,p,Y
3556,Y,e,N
3557,N,y,Y
3558,N,g,Y
3559,Y,n,N
3560,N,g,Y
3561,N,g,Y
3562,Y,g,N
3563,Y,g,N
3564,Y,g,N
3565,,n,N
3566,N,y,Y
3567,Y,g,N
3568,,g,Y
3569,Y,e,N
3570,,e,N
3571,N,g,Y
3572,Y,e,N
3573,N,y,Y
3574,Y,e,N
3575,Y,g,N
3576,Y,e,N
3577,,e,N
3578,Y,e,N
3579,,n,N
3580,Y,g,N
3581,Y,e,N
3582,N,g,Y
3583,Y,n,N
3584,N,g,Y
3585,Y,n,N
3586,Y,g,N
3587,Y,e,N
3588,Y,e,N
3589,,g,N
3590,Y,g,N
3591,N,p,Y
3592,Y,n,N
3593,Y,n,N
3594,Y,g,N
3595,N,g,Y
3596,Y,g,N
3597,Y,e,N
3598,N,g,Y
3599,Y,n,N
3600,,g,Y
3601,,e,N
3602,Y,n,N
3603,Y,g,N
3604,Y,e,N
3605,N,g,Y
3606,,g,Y
3607,,g,Y
3608,N,g,Y
3609,,g,Y
3610,Y,g,N
3611,N,g,Y
3612,Y,e,N
3613,Y,n,N
3614,,n,N
3615,,y,Y
3616,,g,N
3617,,p,Y
3618,Y,e,N
3619,,n,N
3620,Y,n,N
3621,Y,e,N
3622,N,g,Y
3623,N,g,Y
3624,Y,g,N
3625,Y,n,N
3626,N,g,Y
3627,Y,g,N
3628,N,p,Y
3629,Y,n,N
3630,Y,g,N
3631,N,g,Y
3632,Y,e,N
3633,N,g,Y
3634,N,g,Y
3635,Y,n,N
3636,N,g,Y
3637,,e,N
3638,Y,g,N
3639,Y,g,N
3640,Y,n,N
3641,Y,e,N
3642,Y,g,N
3643,Y,e,N
3644,Y,n,N
3645,N,y,Y
3646,Y,g,N
3647,,n,N
3648,N,g,Y
3649,N,g,Y
3650,N,g,Y
3651,Y,e,N
3652,Y,n,N
3653,N,g,Y
3654,N,g,Y
3655,N,g,Y
3656,Y,n,N
3657,N,g,Y
3658,,e,N
3659,N,y,Y
3660,Y,n,N
3661,Y,e,N
3662,N,g,Y
3663,Y,n,N
3664,,w,Y
3665,Y,g,N
3666,,e,N
3667,Y,g,N
3668,,g,Y
3669,Y,e,N
3670,Y,e,N
3671,N,p,Y
3672,Y,e,N
3673,Y,g,N
3674,Y,g,N
3675,,g,N
3676,N,g,Y
3677,,n,N
3678,,g,N
3679,Y,n,N
3680,N,p,Y
3681,Y,e,N
3682,,g,N
3683,Y,e,N
3684,N,w,Y
3685,N,g,Y
3686,Y,n,N
3687,,g,Y
3688,,w,Y
3689,Y,n,N
3690,Y,g,N
3691,,g,N
3692,Y,g,N
3693,N,w,Y
3694,Y,e,N
3695,N,g,Y
3696,Y,n,N
3697,Y,n,N
3698,,p,Y
3699,Y,g,N
3700,N,p,Y
3701,Y,n,N
3702,N,g,Y
3703,Y,e,N
3704,N,p,Y
3705,N,g,Y
3706,Y,e,N
3707,Y,e,N
3708,N,g,Y
3709,N,g,Y
3710,Y,g,N
3711,N,g,Y
3712,Y,e,N
3713,Y,n,N
3714,N,y,Y
3715,Y,e,N
3716,,e,N
3717,Y,n,N
3718,,n,N
3719,N,g,Y
3720,Y,g,N
3721,Y,e,N
3722,Y,n,N
3723,Y,g,N
3724,Y,n,N
3725,N,g,Y
3726,N,w,Y
3727,N,y,Y
3728,Y,n,N
3729,Y,e,N
3730,,e,N
3731,Y,e,N
3732,,e,N
3733,Y,n,N
3734,Y,e,N
3735,N,g,Y
3736,Y,e,N
3737,Y,n,N
3738,N,g,Y
3739,,w,Y
3740,N,g,Y
3741,Y,n,N
3742,N,y,Y
3743,N,g,Y
3744,Y,e,N
3745,Y,e,N
3746,Y,e,N
3747,N,y,Y
3748,Y,n,N
3749,Y,e,N
3750,Y,e,N
3751,N,y,Y
3752,N,g,Y
3753,Y,e,N
3754,N,g,Y
3755,,w,Y
3756,,g,Y
3757,Y,g,N
3758,Y,e,N
3759,N,y,Y
3760,Y,e,N
3761,Y,e,N
3762,Y,g,N
3763,Y,e,N
3764,Y,g,N
3765,Y,n,N
3766,Y,e,N
3767,Y,n,N
3768,Y,e,N
3769,,e,N
3770,,g,N
3771,,g,N
3772,Y,n,N
3773,Y,n,N
3774,Y,e,N
3775,Y,n,N
3776,N,g,Y
3777,,e,N
3778,Y,g,N
3779,,n,N
3780,,n,N
3781,Y,g,N
3782,N,g,Y
3783,Y,e,N
3784,N,g,Y
3785,Y,g,N
3786,Y,g,N
3787,Y,g,N
3788,N,y,Y
3789,,n,N
3790,,g,N
3791,N,g,Y
3792,,n,N
3793,N,g,Y
3794,,e,N
3795,N,w,Y
3796,Y,n,N
3797,N,w,Y
3798,,e,N
3799,Y,g,N
3800,Y,e,N
3801,Y,e,N
3802,N,g,Y
3803,,e,N
3804,Y,e,N
3805,,p,Y
3806,Y,e,N
3807,N,p,Y
3808,Y,e,N
3809,,g,Y
3810,Y,g,N
3811,N,g,Y
3812,Y,n,N
3813,Y,e,N
3814,Y,n,N
3815,N,p,Y
3816,,g,Y
3817,,e,N
3818,Y,g,N
3819,Y,g,N
3820,Y,e,N
3821,Y,e,N
3822,Y,g,N
3823,N,g,Y
3824,Y,n,N
3825,Y,e,N
3826,Y,e,N
3827,N,w,Y
3828,,e,N
3829,Y,g,N
3830,,g,Y
3831,Y,g,N
3832,N,w,Y
3833,Y,e,N
3834,N,w,Y
3835,,g,Y
3836,N,g,Y
3837,Y,g,N
3838,Y,g,N
3839,,e,N
3840,Y,e,N
3841,,g,Y
3842,Y,e,N
3843,Y,e,N
3844,N,g,Y
3845,Y,e,N
3846,,g,Y
3847,,g,N
3848,,e,N
3849,Y,e,N
3850,Y,g,N
3851,Y,e,N
3852,Y,g,N
3853,N,p,Y
3854,Y,n,N
3855,N,g,Y
3856,,e,N
3857,,g,N
3858,Y,e,N
3859,N,w,Y
3860,N,w,Y
3861,Y,n,N
3862,Y,e,N
3863,Y,e,N
3864,Y,g,N
3865,,g,Y
3866,N,w,Y
3867,Y,n,N
3868,Y,e,N
3869,N,w,Y
3870,N,g,Y
3871,Y,e,N
3872,N,g,Y
3873,N,g,Y
3874,,g,Y
3875,N,g,Y
3876,,g,N
3877,N,p,Y
3878,Y,e,N
3879,,p,Y
3880,N,g,Y
3881,,e,N
3882,N,g,Y
3883,N,g,Y
3884,Y,g,N
3885,Y,n,N
3886,N,g,Y
3887,Y,e,N
3888,N,w,Y
3889,Y,n,N
3890,N,g,Y
3891,N,g,Y
3892,Y,g,N
3893,N,g,Y
3894,Y,g,N
3895,N,g,Y
3896,N,g,Y
3897,Y,e,N
3898,Y,g,N
3899,N,w,Y
3900,Y,g,N
3901,N,g,Y
3902,N,y,Y
3903,,g,Y
3904,N,y,Y
3905,N,w,Y
3906,N,y,Y
3907,N,y,Y
3908,N,y,Y
3909,N,y,Y
3910,N,y,Y
3911,Y,g,N
3912,N,g,Y
3913,N,y,Y
3914,N,y,Y
3915,Y,g,N
3916,Y,n,N
3917,Y,e,N
3918,N,y,Y
3919,N,g,Y
3920,N,g,Y
3921,Y,e,N
3922,N,g,Y
3923,Y,e,N
3924,Y,g,N
3925,Y,g,N
3926,,g,Y
3927,N,y,Y
3928,N,y,Y
3929,Y,e,N
3930,N,y,Y
3931,N,g,Y
3932,N,y,Y
3933,N,y,Y
3934,N,g,Y
3935,,y,Y
3936,N,p,Y
3937,N,y,Y
3938,Y,e,N
3939,Y,e,N
3940,N,p,Y
3941,N,y,Y
3942,N,g,Y
3943,,g,N
3944,Y,e,N
3945,N,g,Y
3946,Y,g,N
3947,N,y,Y
3948,N,g,Y
3949,Y,e,N
3950,N,y,Y
3951,N,y,Y
3952,N,y,Y
3953,N,g,Y
3954,,p,Y
3955,N,g,Y
3956,N,g,Y
3957,,y,Y
3958,,g,Y
3959,Y,g,N
3960,Y,g,Y
3961,N,y,Y
3962,Y,g,N
3963,N,y,Y
3964,N,g,Y
3965,N,y,Y
3966,N,g,Y
3967,N,g,Y
3968,,y,Y
3969,,y,Y
3970,N,w,Y
3971,N,g,Y
3972,,g,Y
3973,Y,n,N
3974,Y,g,N
3975,N,y,Y
3976,N,p,Y
3977,,g,Y
3978,N,g,Y
3979,N,w,Y
3980,Y,e,N
3981,N,g,Y
3982,N,p,Y
3983,Y,w,Y
3984,N,y,Y
3985,Y,b,N
3986,N,g,Y
3987,N,g,Y
3988,,y,Y
3989,N,y,Y
3990,,g,N
3991,,y,Y
3992,N,g,Y
3993,N,g,Y
3994,N,g,Y
3995,N,g,Y
3996,,g,Y
3997,Y,g,Y
3998,N,g,Y
3999,Y,g,N
4000,N,y,Y
4001,Y,e,N
4002,,g,Y
4003,,n,N
4004,,e,N
4005,N,g,Y
4006,N,g,Y
4007,Y,e,N
4008,N,g,Y
4009,Y,g,N
4010,Y,e,N
4011,Y,e,N
4012,N,g,Y
4013,Y,e,N
4014,N,g,Y
4015,N,y,Y
4016,N,y,Y
4017,N,y,Y
4018,,y,Y
4019,Y,g,N
4020,Y,g,N
4021,N,g,Y
4022,N,y,Y
4023,,g,Y
4024,N,e,Y
4025,N,g,Y
4026,,g,Y
4027,N,g,Y
4028,N,g,Y
4029,Y,b,Y
4030,N,g,Y
4031,N,y,Y
4032,N,w,Y
4033,,y,Y
4034,,e,N
4035,N,g,Y
4036,,y,Y
4037,N,y,Y
4038,,g,Y
4039,,y,Y
4040,,g,N
4041,N,g,Y
4042,Y,n,N
4043,N,g,Y
4044,N,g,Y
4045,,g,Y
4046,N,w,Y
4047,N,g,Y
4048,Y,n,N
4049,N,w,Y
4050,N,y,Y
4051,N,y,Y
4052,,p,Y
4053,N,y,Y
4054,N,g,Y
4055,Y,e,N
4056,N,y,Y
4057,N,y,Y
4058,N,g,Y
4059,N,p,Y
4060,Y,e,N
4061,,y,Y
4062,Y,n,N
4063,Y,e,N
4064,N,y,Y
4065,N,y,Y
4066,N,g,Y
4067,N,g,Y
4068,N,y,Y
4069,,g,N
4070,N,g,Y
4071,,y,Y
4072,N,g,Y
4073,N,y,Y
4074,Y,e,N
4075,Y,n,N
4076,N,y,Y
4077,,u,N
4078,Y,n,N
4079,N,y,Y
4080,N,y,Y
4081,,g,Y
4082,N,g,Y
4083,,y,Y
4084,N,y,Y
4085,,y,Y
4086,N,g,Y
4087,N,y,Y
4088,Y,g,N
4089,N,g,Y
4090,Y,e,N
4091,N,g,Y
4092,N,y,Y
4093,Y,n,N
4094,Y,g,N
4095,N,g,Y
4096,Y,e,N
4097,Y,e,N
4098,,y,Y
4099,N,w,Y
4100,N,g,Y
4101,N,e,Y
4102,N,y,Y
4103,N,g,Y
4104,Y,g,N
4105,N,n,Y
4106,Y,e,N
4107,Y,b,Y
4108,Y,g,N
4109,N,g,Y
4110,,g,N
4111,,y,Y
4112,N,y,Y
4113,N,g,Y
4114,Y,e,N
4115,N,g,Y
4116,N,y,Y
4117,N,y,Y
4118,N,y,Y
4119,N,y,Y
4120,N,y,Y
4121,N,g,Y
4122,Y,e,N
4123,N,g,Y
4124,N,y,Y
4125,,n,N
4126,N,y,Y
4127,N,y,Y
4128,Y,n,N
4129,N,g,Y
4130,Y,e,N
4131,N,y,Y
4132,N,g,Y
4133,,y,Y
4134,N,g,Y
4135,Y,g,N
4136,N,g,Y
4137,,g,Y
4138,N,g,Y
4139,,n,N
4140,,y,Y
4141,,g,Y
4142,Y,e,N
4143,Y,e,N
4144,Y,g,Y
4145,N,g,Y
4146,N,g,Y
4147,N,g,Y
4148,N,y,Y
4149,,g,Y
4150,N,g,Y
4151,,e,N
4152,N,g,Y
4153,N,g,Y
4154,,g,Y
4155,Y,e,N
4156,Y,e,N
4157,,e,N
4158,,y,Y
4159,N,g,Y
4160,Y,n,N
4161,N,g,Y
4162,Y,g,N
4163,,y,Y
4164,,y,Y
4165,N,y,Y
4166,N,c,N
4167,,g,Y
4168,N,g,Y
4169,N,g,Y
4170,N,g,Y
4171,Y,b,Y
4172,N,g,Y
4173,N,g,Y
4174,N,y,Y
4175,N,g,Y
4176,N,g,Y
4177,Y,g,N
4178,N,y,Y
4179,N,y,Y
4180,Y,e,N
4181,N,g,Y
4182,N,g,Y
4183,N,y,Y
4184,Y,g,N
4185,N,g,Y
4186,N,g,Y
4187,Y,n,N
4188,,g,N
4189,N,g,Y
4190,N,y,Y
4191,,y,Y
4192,N,g,Y
4193,N,g,Y
4194,N,g,Y
4195,Y,b,Y
4196,Y,e,N
4197,N,n,Y
4198,Y,g,N
4199,N,g,Y
4200,N,p,Y
4201,N,n,Y
4202,N,g,Y
4203,,y,Y
4204,Y,g,Y
4205,N,g,Y
4206,N,y,Y
4207,N,g,Y
4208,N,g,Y
4209,,g,Y
4210,N,g,Y
4211,N,g,Y
4212,N,y,Y
4213,N,y,Y
4214,N,y,Y
4215,N,y,Y
4216,,y,Y
4217,Y,g,Y
4218,N,y,Y
4219,,y,Y
4220,N,g,Y
4221,N,y,Y
4222,N,y,Y
4223,N,g,Y
4224,,g,Y
4225,,e,N
4226,N,y,Y
4227,,g,Y
4228,,g,Y
4229,N,y,Y
4230,N,y,Y
4231,N,g,Y
4232,N,y,Y
4233,Y,w,Y
4234,,y,Y
4235,N,y,Y
4236,,g,Y
4237,,y,Y
4238,N,y,Y
4239,N,g,Y
4240,N,g,Y
4241,N,y,Y
4242,,g,Y
4243,,y,Y
4244,N,g,Y
4245,N,y,Y
4246,Y,w,Y
4247,N,g,Y
4248,Y,b,Y
4249,N,g,Y
4250,N,g,Y
4251,N,y,Y
4252,,y,Y
4253,,y,Y
4254,Y,g,N
4255,N,y,Y
4256,N,g,Y
4257,,y,Y
4258,N,y,Y
4259,N,y,Y
4260,N,g,Y
4261,,g,Y
4262,N,g,Y
4263,N,p,Y
4264,N,y,Y
4265,N,y,Y
4266,N,y,Y
4267,N,g,Y
4268,,g,Y
4269,,g,Y
4270,N,y,Y
4271,N,y,Y
4272,N,g,Y
4273,,y,Y
4274,N,g,Y
4275,N,g,Y
4276,N,y,Y
4277,N,n,N
4278,N,g,Y
4279,,y,Y
4280,,y,Y
4281,N,g,Y
4282,N,g,Y
4283,,y,Y
4284,Y,p,N
4285,N,y,Y
4286,N,y,Y
4287,N,g,Y
4288,N,g,Y
4289,N,y,Y
4290,N,g,Y
4291,N,g,Y
4292,Y,p,N
4293,N,y,Y
4294,N,y,Y
4295,N,g,Y
4296,N,g,Y
4297,N,y,Y
4298,N,g,Y
4299,,g,Y
4300,,y,Y
4301,N,g,Y
4302,N,y,Y
4303,N,g,Y
4304,N,g,Y
4305,,y,Y
4306,Y,g,N
4307,N,g,Y
4308,N,g,Y
4309,,g,Y
4310,N,y,Y
4311,N,g,Y
4312,N,y,Y
4313,N,y,Y
4314,N,y,Y
4315,N,y,Y
4316,N,g,Y
4317,N,y,Y
4318,N,g,Y
4319,N,g,Y
4320,N,g,Y
4321,,y,Y
4322,N,g,Y
4323,N,y,Y
4324,N,g,Y
4325,,g,Y
4326,N,g,Y
4327,N,r,N
4328,N,y,Y
4329,N,y,Y
4330,N,n,Y
4331,N,y,Y
4332,,n,Y
4333,N,y,Y
4334,,g,Y
4335,N,g,Y
4336,N,g,Y
4337,,y,Y
4338,N,g,Y
4339,N,g,Y
4340,N,g,Y
4341,N,g,Y
4342,Y,e,N
4343,N,y,Y
4344,N,y,Y
4345,N,y,Y
4346,N,y,Y
4347,N,g,Y
4348,,g,Y
4349,N,y,Y
4350,,b,Y
4351,N,g,Y
4352,N,y,Y
4353,N,g,Y
4354,N,g,Y
4355,N,y,Y
4356,N,g,Y
4357,N,g,Y
4358,Y,e,N
4359,,g,Y
4360,,y,Y
4361,,g,Y
4362,,y,Y
4363,N,g,Y
4364,N,y,Y
4365,,w,Y
4366,Y,b,Y
4367,,y,Y
4368,N,g,Y
4369,N,g,Y
4370,,y,Y
4371,,g,Y
4372,N,y,Y
4373,N,y,Y
4374,N,g,Y
4375,Y,w,Y
4376,Y,g,N
4377,N,n,Y
4378,N,g,Y
4379,N,g,Y
4380,Y,e,N
4381,Y,b,N
4382,,y,Y
4383,N,y,Y
4384,N,y,Y
4385,N,y,Y
4386,N,y,Y
4387,N,g,Y
4388,,g,Y
4389,,y,Y
4390,N,g,Y
4391,N,y,Y
4392,N,g,Y
4393,N,y,Y
4394,N,g,Y
4395,N,g,Y
4396,,g,Y
4397,,u,N
4398,N,g,Y
4399,N,y,Y
4400,,y,Y
4401,N,y,Y
4402,N,y,Y
4403,N,g,Y
4404,,g,Y
4405,N,g,Y
4406,N,y,Y
4407,N,y,Y
4408,N,g,Y
4409,N,g,Y
4410,,y,Y
4411,Y,e,N
4412,Y,b,Y
4413,N,g,Y
4414,,g,Y
4415,,y,Y
4416,N,y,Y
4417,N,y,Y
4418,Y,n,N
4419,N,y,Y
4420,Y,b,N
4421,,y,Y
4422,N,y,Y
4423,N,y,Y
4424,,g,Y
4425,Y,e,N
4426,N,y,Y
4427,,y,Y
4428,N,y,Y
4429,N,y,Y
4430,N,n,Y
4431,N,y,Y
4432,,y,Y
4433,N,y,Y
4434,,y,Y
4435,N,g,Y
4436,,g,Y
4437,N,g,Y
4438,N,g,Y
4439,N,g,Y
4440,N,y,Y
4441,,g,Y
4442,,g,Y
4443,N,y,Y
4444,N,y,Y
4445,Y,g,N
4446,N,g,Y
4447,N,y,Y
4448,N,g,Y
4449,N,y,Y
4450,N,g,Y
4451,N,y,Y
4452,Y,n,N
4453,N,g,Y
4454,N,y,Y
4455,N,g,Y
4456,N,y,Y
4457,N,g,Y
4458,N,g,Y
4459,N,y,Y
4460,,b,N
4461,,y,Y
4462,,n,Y
4463,N,g,Y
4464,,g,Y
4465,N,y,Y
4466,,g,Y
4467,N,g,Y
4468,,y,Y
4469,N,y,Y
4470,,w,Y
4471,N,y,Y
4472,N,y,Y
4473,N,y,Y
4474,N,y,Y
4475,N,y,Y
4476,N,y,Y
4477,N,y,Y
4478,N,g,Y
4479,N,y,Y
4480,N,g,Y
4481,Y,n,N
4482,N,y,Y
4483,N,g,Y
4484,,g,Y
4485,N,g,Y
4486,N,y,Y
4487,N,g,Y
4488,N,g,Y
4489,N,y,Y
4490,,y,Y
4491,,y,Y
4492,N,c,N
4493,N,g,Y
4494,N,g,Y
4495,N,y,Y
4496,N,y,Y
4497,Y,g,Y
4498,Y,n,N
4499,N,n,Y
4500,N,g,Y
4501,N,y,Y
4502,N,g,Y
4503,N,g,Y
4504,,y,Y
4505,N,y,Y
4506,N,g,Y
4507,,g,Y
4508,N,g,Y
4509,N,y,Y
4510,N,y,Y
4511,N,y,Y
4512,N,g,Y
4513,N,y,Y
4514,N,y,Y
4515,N,y,Y
4516,,y,Y
4517,,g,Y
4518,,g,Y
4519,,g,Y
4520,Y,b,N
4521,N,g,Y
4522,N,y,Y
4523,N,n,Y
4524,N,g,Y
4525,N,g,Y
4526,,g,Y
4527,N,y,Y
4528,N,y,Y
4529,N,y,Y
4530,N,g,Y
4531,N,g,Y
4532,,y,Y
4533,N,y,Y
4534,,u,N
4535,Y,b,N
4536,N,y,Y
4537,N,y,Y
4538,N,g,Y
4539,N,g,Y
4540,N,g,Y
4541,N,g,Y
4542,N,g,Y
4543,N,y,Y
4544,N,y,Y
4545,,g,Y
4546,N,y,Y
4547,N,y,Y
4548,N,g,Y
4549,Y,b,Y
4550,,w,Y
4551,N,y,Y
4552,N,y,Y
4553,N,g,Y
4554,,y,Y
4555,,y,Y
4556,N,y,Y
4557,,g,N
4558,N,u,N
4559,N,g,Y
4560,N,y,Y
4561,N,y,Y
4562,N,g,Y
4563,N,y,Y
4564,N,y,Y
4565,N,y,Y
4566,N,y,Y
4567,N,g,Y
4568,,g,Y
4569,N,g,Y
4570,N,y,Y
4571,Y,e,N
4572,N,y,Y
4573,,g,Y
4574,N,g,Y
4575,,g,Y
4576,N,g,Y
4577,N,g,Y
4578,N,g,Y
4579,N,g,Y
4580,N,y,Y
4581,N,y,Y
4582,N,g,Y
4583,N,g,Y
4584,N,w,Y
4585,N,g,Y
4586,N,y,Y
4587,,g,Y
4588,N,y,Y
4589,N,g,Y
4590,N,g,Y
4591,,y,Y
4592,N,g,Y
4593,,y,Y
4594,N,y,Y
4595,N,y,Y
4596,N,y,Y
4597,N,y,Y
4598,N,y,Y
4599,N,y,Y
4600,N,g,Y
4601,N,g,Y
4602,,y,Y
4603,N,g,Y
4604,N,g,Y
4605,N,y,Y
4606,N,y,Y
4607,N,y,Y
4608,N,y,Y
4609,,y,Y
4610,N,y,Y
4611,,n,Y
4612,Y,b,N
4613,,y,Y
4614,N,y,Y
4615,,g,Y
4616,N,y,Y
4617,N,g,Y
4618,N,g,Y
4619,N,g,Y
4620,,y,Y
4621,N,y,Y
4622,N,y,Y
4623,,g,Y
4624,N,g,Y
4625,N,g,Y
4626,N,g,Y
4627,N,g,Y
4628,N,g,Y
4629,N,g,Y
4630,Y,b,Y
4631,Y,e,N
4632,N,y,Y
4633,N,g,Y
4634,N,g,Y
4635,,g,N
4636,,y,Y
4637,,y,Y
4638,N,y,Y
4639,N,y,Y
4640,,y,Y
4641,N,g,Y
4642,Y,w,Y
4643,,g,Y
4644,N,y,Y
4645,N,g,Y
4646,N,g,Y
4647,N,y,Y
4648,N,u,N
4649,N,y,Y
4650,N,g,Y
4651,N,y,Y
4652,N,g,Y
4653,Y,n,N
4654,N,y,Y
4655,N,g,Y
4656,N,g,Y
4657,N,y,Y
4658,N,y,Y
4659,,y,Y
4660,,y,Y
4661,N,g,Y
4662,Y,w,Y
4663,Y,e,N
4664,N,u,N
4665,N,y,Y
4666,N,g,Y
4667,N,y,Y
4668,N,g,Y
4669,N,g,Y
4670,N,g,Y
4671,,y,Y
4672,N,g,Y
4673,N,g,Y
4674,Y,p,N
4675,N,g,Y
4676,N,y,Y
4677,N,g,Y
4678,N,y,Y
4679,N,y,Y
4680,,g,Y
4681,N,y,Y
4682,N,g,Y
4683,,g,Y
4684,N,y,Y
4685,N,g,Y
4686,N,g,Y
4687,N,y,Y
4688,N,g,Y
4689,N,g,Y
4690,N,g,Y
4691,N,g,Y
4692,N,g,Y
4693,N,y,Y
4694,N,y,Y
4695,N,g,Y
4696,,y,Y
4697,Y,n,N
4698,N,g,Y
4699,,y,Y
4700,Y,g,Y
4701,N,y,Y
4702,N,y,Y
4703,N,w,Y
4704,N,y,Y
4705,Y,b,Y
4706,N,y,Y
4707,N,g,Y
4708,N,y,Y
4709,Y,p,Y
4710,Y,b,Y
4711,,g,Y
4712,N,g,Y
4713,N,g,Y
4714,N,g,Y
4715,N,g,Y
4716,N,y,Y
4717,N,y,Y
4718,,u,N
4719,N,y,Y
4720,,e,N
4721,N,y,Y
4722,N,y,Y
4723,N,n,Y
4724,N,g,Y
4725,N,y,Y
4726,N,g,Y
4727,,g,Y
4728,,g,Y
4729,N,y,Y
4730,N,y,Y
4731,N,g,Y
4732,N,g,Y
4733,Y,n,N
4734,N,y,Y
4735,,e,N
4736,N,y,Y
4737,,g,Y
4738,N,g,Y
4739,N,y,Y
4740,N,g,Y
4741,N,g,Y
4742,N,g,Y
4743,N,g,Y
4744,N,y,Y
4745,,y,Y
4746,N,y,Y
4747,N,g,Y
4748,N,y,Y
4749,N,g,Y
4750,N,p,Y
4751,N,y,Y
4752,,g,Y
4753,,y,Y
4754,N,g,Y
4755,,y,Y
4756,N,g,Y
4757,N,y,Y
4758,,g,Y
4759,N,g,Y
4760,,y,Y
4761,N,y,Y
4762,N,g,Y
4763,N,y,Y
4764,N,g,Y
4765,N,g,Y
4766,,y,Y
4767,N,g,Y
4768,N,g,Y
4769,N,g,Y
4770,N,g,Y
4771,N,y,Y
4772,,g,Y
4773,N,g,Y
4774,N,y,Y
4775,,y,Y
4776,N,g,Y
4777,N,g,Y
4778,Y,p,N
4779,N,y,Y
4780,,p,Y
4781,N,y,Y
4782,,g,Y
4783,N,y,Y
4784,Y,e,N
4785,N,y,Y
4786,N,y,Y
4787,N,g,Y
4788,,y,Y
4789,Y,n,N
4790,,y,Y
4791,N,g,Y
4792,,y,Y
4793,N,y,Y
4794,N,y,Y
4795,,g,Y
4796,N,g,Y
4797,N,y,Y
4798,N,g,Y
4799,N,y,Y
4800,Y,g,N
4801,,g,Y
4802,N,n,Y
4803,Y,g,Y
4804,N,g,Y
4805,,y,Y
4806,N,g,Y
4807,Y,e,N
4808,,g,Y
4809,N,y,Y
4810,N,g,Y
4811,N,y,Y
4812,N,y,Y
4813,Y,n,N
4814,N,g,Y
4815,N,n,Y
4816,,g,Y
4817,N,y,Y
4818,,n,Y
4819,N,g,Y
4820,N,g,Y
4821,,w,Y
4822,,y,Y
4823,,g,Y
4824,N,y,Y
4825,Y,e,N
4826,N,y,Y
4827,N,y,Y
4828,N,y,Y
4829,,g,Y
4830,N,y,Y
4831,,y,Y
4832,,e,N
4833,,y,Y
4834,N,y,Y
4835,N,n,N
4836,N,w,Y
4837,N,y,Y
4838,N,y,Y
4839,N,y,Y
4840,N,y,Y
4841,Y,b,Y
4842,Y,w,Y
4843,Y,e,N
4844,,w,Y
4845,Y,p,N
4846,Y,w,Y
4847,Y,n,N
4848,N,y,Y
4849,,b,Y
4850,N,g,Y
4851,N,y,Y
4852,,g,Y
4853,N,y,Y
4854,N,y,Y
4855,N,y,Y
4856,N,y,Y
4857,,g,Y
4858,N,g,Y
4859,Y,e,N
4860,Y,n,N
4861,Y,b,N
4862,N,y,Y
4863,Y,g,N
4864,,y,Y
4865,N,g,Y
4866,,g,Y
4867,N,g,Y
4868,N,y,Y
4869,,y,Y
4870,N,n,Y
4871,N,g,Y
4872,Y,n,N
4873,Y,e,N
4874,N,g,Y
4875,,y,Y
4876,N,g,Y
4877,Y,e,N
4878,N,y,Y
4879,,y,Y
4880,N,g,Y
4881,N,y,Y
4882,N,g,Y
4883,Y,w,Y
4884,N,y,Y
4885,N,n,Y
4886,,g,Y
4887,N,y,Y
4888,N,y,Y
4889,Y,p,N
4890,,w,Y
4891,N,g,Y
4892,N,g,Y
4893,,y,Y
4894,Y,b,Y
4895,N,g,Y
4896,N,y,Y
4897,N,g,Y
4898,N,y,Y
4899,N,r,N
4900,N,w,N
4901,,y,Y
4902,N,y,Y
4903,N,y,Y
4904,,e,Y
4905,N,e,Y
4906,N,g,Y
4907,N,y,Y
4908,N,g,Y
4909,N,g,Y
4910,N,y,Y
4911,N,y,Y
4912,,e,N
4913,N,y,Y
4914,N,y,Y
4915,Y,g,Y
4916,N,y,Y
4917,N,y,Y
4918,,y,Y
4919,Y,g,Y
4920,,g,Y
4921,N,g,Y
4922,N,w,Y
4923,N,g,Y
4924,,e,N
4925,N,y,Y
4926,N,y,Y
4927,Y,b,N
4928,N,y,Y
4929,,y,Y
4930,,y,Y
4931,N,n,N
4932,Y,e,N
4933,N,g,Y
4934,N,y,Y
4935,Y,g,Y
4936,N,y,Y
4937,N,g,Y
4938,N,g,Y
4939,N,n,Y
4940,Y,b,N
4941,N,y,Y
4942,N,g,Y
4943,,g,Y
4944,N,y,Y
4945,N,y,Y
4946,Y,p,N
4947,N,n,Y
4948,N,g,Y
4949,,y,Y
4950,N,g,Y
4951,,b,Y
4952,Y,b,N
4953,Y,w,Y
4954,N,g,Y
4955,N,y,Y
4956,,g,Y
4957,N,y,Y
4958,,y,Y
4959,Y,b,Y
4960,N,g,Y
4961,N,g,Y
4962,,y,Y
4963,N,y,Y
4964,,g,Y
4965,Y,b,N
4966,Y,p,N
4967,Y,n,N
4968,Y,p,Y
4969,N,g,Y
4970,N,y,Y
4971,,g,Y
4972,N,g,Y
4973,N,y,Y
4974,N,g,Y
4975,N,g,Y
4976,,y,Y
4977,N,y,Y
4978,N,y,Y
4979,N,y,Y
4980,N,y,Y
4981,N,g,Y
4982,,g,Y
4983,N,y,Y
4984,N,y,Y
4985,N,u,N
4986,N,g,Y
4987,N,n,Y
4988,N,y,Y
4989,N,y,Y
4990,N,g,Y
4991,N,y,Y
4992,N,y,Y
4993,N,g,Y
4994,Y,b,N
4995,N,g,Y
4996,N,y,Y
4997,Y,n,N
4998,N,g,Y
4999,,g,Y
5000,N,n,Y
5001,N,y,Y
5002,N,n,Y
5003,Y,b,Y
5004,N,y,Y
5005,,g,Y
5006,N,u,N
5007,N,y,Y
5008,,y,Y
5009,N,y,Y
5010,,y,Y
5011,Y,e,N
5012,N,g,Y
5013,N,y,Y
5014,N,y,Y
5015,N,g,Y
5016,Y,b,N
5017,N,y,Y
5018,N,g,Y
5019,N,y,Y
5020,N,y,Y
5021,Y,w,Y
5022,N,g,Y
5023,,y,Y
5024,N,u,N
5025,N,y,Y
5026,,g,Y
5027,N,y,Y
5028,N,y,Y
5029,,g,Y
5030,N,g,Y
5031,,y,Y
5032,N,y,Y
5033,N,g,Y
5034,N,g,Y
5035,,g,Y
5036,N,g,Y
5037,,y,Y
5038,N,g,Y
5039,N,y,Y
5040,N,g,Y
5041,N,y,Y
5042,N,n,Y
5043,N,y,Y
5044,N,y,Y
5045,Y,b,Y
5046,N,g,Y
5047,N,y,Y
5048,N,y,Y
5049,N,g,Y
5050,N,y,Y
5051,N,g,Y
5052,N,e,Y
5053,,b,N
5054,Y,b,N
5055,N,g,Y
5056,,y,Y
5057,N,g,Y
5058,N,g,Y
5059,Y,b,Y
5060,N,y,Y
5061,Y,w,Y
5062,N,y,Y
5063,N,g,Y
5064,Y,w,Y
5065,Y,b,Y
5066,Y,w,Y
5067,N,y,Y
5068,N,g,Y
5069,N,y,Y
5070,N,g,Y
5071,N,w,N
5072,Y,e,N
5073,N,g,Y
5074,,g,Y
5075,N,n,Y
5076,N,g,Y
5077,N,g,Y
5078,N,y,Y
5079,,y,Y
5080,Y,e,N
5081,N,y,Y
5082,,y,Y
5083,N,g,Y
5084,,y,Y
5085,N,y,Y
5086,N,y,Y
5087,N,y,Y
5088,,c,N
5089,,g,Y
5090,N,y,Y
5091,N,g,Y
5092,N,g,Y
5093,,y,Y
5094,N,y,Y
5095,N,y,Y
5096,N,y,Y
5097,N,y,Y
5098,Y,p,Y
5099,,p,N
5100,N,y,Y
5101,N,y,Y
5102,Y,b,N
5103,,y,Y
5104,Y,w,Y
5105,,n,Y
5106,N,n,Y
5107,,e,Y
5108,Y,w,Y
5109,Y,g,Y
5110,N,c,N
5111,N,g,Y
5112,,y,Y
5113,N,y,Y
5114,Y,p,N
5115,Y,b,Y
5116,Y,g,Y
5117,N,e,Y
5118,N,c,N
5119,,w,Y
5120,Y,w,Y
5121,Y,b,Y
5122,Y,b,Y
5123,,c,N
5124,N,g,Y
5125,,w,Y
5126,,g,Y
5127,,w,Y
5128,Y,g,Y
5129,Y,w,Y
5130,Y,b,Y
5131,Y,w,Y
5132,,y,Y
5133,N,n,Y
5134,N,n,Y
5135,,n,N
5136,Y,b,N
5137,Y,w,Y
5138,,b,Y
5139,,y,Y
5140,N,g,Y
5141,Y,b,Y
5142,N,n,Y
5143,N,e,Y
5144,N,g,Y
5145,Y,e,N
5146,N,n,Y
5147,N,y,Y
5148,N,n,Y
5149,N,n,N
5150,N,n,Y
5151,Y,b,N
5152,Y,n,N
5153,N,y,Y
5154,Y,b,Y
5155,N,n,Y
5156,N,n,Y
5157,,b,Y
5158,Y,b,Y
5159,N,y,Y
5160,Y,g,Y
5161,N,n,Y
5162,Y,b,Y
5163,N,n,Y
5164,,e,N
5165,Y,b,Y
5166,Y,w,Y
5167,Y,e,N
5168,N,y,Y
5169,N,n,Y
5170,Y,n,N
5171,,g,Y
5172,,b,Y
5173,Y,b,Y
5174,N,y,Y
5175,N,y,Y
5176,Y,p,N
5177,Y,p,N
5178,,w,Y
5179,,c,N
5180,Y,n,N
5181,Y,b,Y
5182,Y,g,Y
5183,N,y,Y
5184,Y,b,Y
5185,Y,w,Y
5186,N,c,N
5187,N,e,Y
5188,,y,Y
5189,,w,N
5190,,y,Y
5191,Y,p,Y
5192,Y,g,Y
5193,N,n,Y
5194,Y,p,N
5195,N,n,Y
5196,,g,Y
5197,Y,b,Y
5198,Y,p,N
5199,N,y,Y
5200,N,g,Y
5201,N,g,Y
5202,Y,b,Y
5203,N,n,Y
5204,N,y,Y
5205,,y,Y
5206,N,n,Y
5207,Y,b,N
5208,N,y,Y
5209,,e,Y
5210,Y,g,Y
5211,,n,N
5212,N,g,Y
5213,N,n,Y
5214,Y,g,Y
5215,Y,g,Y
5216,Y,p,Y
5217,Y,b,N
5218,Y,w,Y
5219,,n,Y
5220,,n,N
5221,N,y,Y
5222,,p,N
5223,Y,g,Y
5224,,p,N
5225,N,n,Y
5226,Y,b,Y
5227,N,n,Y
5228,N,n,Y
5229,Y,b,Y
5230,N,n,Y
5231,Y,p,N
5232,N,c,N
5233,N,y,Y
5234,Y,n,N
5235,N,g,Y
5236,N,y,Y
5237,Y,g,Y
5238,Y,w,Y
5239,,n,N
5240,N,y,Y
5241,,w,Y
5242,N,y,Y
5243,,y,Y
5244,Y,b,N
5245,,y,Y
5246,N,n,Y
5247,N,y,Y
5248,N,y,Y
5249,Y,w,Y
5250,N,y,Y
5251,,w,Y
5252,Y,b,Y
5253,Y,b,N
5254,N,y,Y
5255,Y,b,Y
5256,Y,b,Y
5257,Y,w,Y
5258,Y,n,N
5259,Y,g,Y
5260,,y,Y
5261,Y,g,Y
5262,N,y,Y
5263,N,n,Y
5264,Y,b,Y
5265,Y,e,N
5266,,n,Y
5267,,n,Y
5268,N,n,Y
5269,Y,w,Y
5270,Y,n,N
5271,,g,Y
5272,Y,b,N
5273,Y,w,Y
5274,N,n,N
5275,N,n,Y
5276,Y,w,Y
5277,,g,Y
5278,N,y,Y
5279,Y,w,Y
5280,N,y,Y
5281,Y,p,N
5282,,w,Y
5283,Y,b,Y
5284,N,w,N
5285,N,r,N
5286,Y,b,N
5287,Y,g,Y
5288,N,e,Y
5289,N,y,Y
5290,Y,g,Y
5291,Y,b,Y
5292,Y,e,N
5293,,e,Y
5294,N,g,Y
5295,N,y,Y
5296,Y,n,N
5297,Y,g,Y
5298,N,n,Y
5299,Y,w,Y
5300,N,c,N
5301,Y,g,Y
5302,N,g,Y
5303,,r,N
5304,N,y,Y
5305,N,n,Y
5306,N,n,Y
5307,Y,e,N
5308,Y,g,Y
5309,Y,n,N
5310,Y,e,N
5311,N,n,Y
5312,N,n,Y
5313,N,n,Y
5314,Y,b,N
5315,Y,w,Y
5316,N,y,Y
5317,Y,n,N
5318,Y,w,Y
5319,N,n,N
5320,N,y,Y
5321,Y,b,Y
5322,N,n,Y
5323,,g,Y
5324,Y,g,Y
5325,,n,Y
5326,N,w,N
5327,N,n,Y
5328,N,g,Y
5329,N,e,Y
5330,Y,w,Y
5331,N,g,Y
5332,Y,w,Y
5333,N,y,Y
5334,Y,w,Y
5335,Y,g,Y
5336,,c,N
5337,Y,w,Y
5338,N,n,Y
5339,Y,p,Y
5340,N,y,Y
5341,,p,N
5342,Y,b,Y
5343,N,y,Y
5344,N,y,Y
5345,,n,N
5346,N,n,N
5347,N,n,Y
5348,Y,g,Y
5349,Y,b,Y
5350,Y,g,Y
5351,Y,b,Y
5352,N,r,N
5353,N,y,Y
5354,Y,g,Y
5355,N,n,Y
5356,,y,Y
5357,Y,w,Y
5358,Y,w,Y
5359,N,g,Y
5360,N,y,Y
5361,,n,Y
5362,,y,Y
5363,Y,n,N
5364,,y,Y
5365,Y,g,Y
5366,N,n,Y
5367,N,y,Y
5368,N,y,Y
5369,Y,w,Y
5370,Y,p,Y
5371,N,y,Y
5372,Y,p,N
5373,Y,b,Y
5374,Y,w,Y
5375,,w,Y
5376,N,n,Y
5377,Y,p,Y
5378,Y,b,Y
5379,Y,p,N
5380,,n,Y
5381,N,y,Y
5382,,w,Y
5383,Y,b,N
5384,,b,Y
5385,N,c,N
5386,Y,p,N
5387,N,n,N
5388,Y,p,N
5389,Y,g,Y
5390,,e,N
5391,Y,e,N
5392,Y,w,Y
5393,Y,b,N
5394,,b,Y
5395,N,y,Y
5396,Y,w,Y
5397,N,y,Y
5398,N,y,Y
5399,N,n,Y
5400,N,y,Y
5401,N,y,Y
5402,N,c,N
5403,N,e,Y
5404,,w,Y
5405,N,n,Y
5406,Y,p,Y
5407,N,y,Y
5408,Y,b,Y
5409,,y,Y
5410,Y,b,Y
5411,Y,b,Y
5412,N,n,Y
5413,,y,Y
5414,Y,n,N
5415,N,y,Y
5416,,b,N
5417,,e,N
5418,,n,N
5419,,w,Y
5420,N,y,Y
5421,Y,p,N
5422,,e,N
5423,N,y,Y
5424,Y,b,Y
5425,Y,b,Y
5426,Y,g,Y
5427,Y,b,Y
5428,N,y,Y
5429,Y,w,Y
5430,,g,Y
5431,N,r,N
5432,N,y,Y
5433,,n,Y
5434,Y,b,Y
5435,,c,N
5436,Y,g,Y
5437,N,u,N
5438,N,y,Y
5439,N,g,Y
5440,Y,w,Y
5441,N,n,Y
5442,N,n,Y
5443,,g,Y
5444,Y,p,N
5445,Y,g,Y
5446,Y,b,Y
5447,N,n,Y
5448,,g,Y
5449,N,n,Y
5450,Y,w,Y
5451,Y,g,Y
5452,Y,g,Y
5453,,y,Y
5454,N,y,Y
5455,N,g,Y
5456,N,y,Y
5457,,g,Y
5458,Y,b,Y
5459,Y,w,Y
5460,N,g,Y
5461,,b,Y
5462,N,n,Y
5463,,w,Y
5464,Y,e,N
5465,Y,b,Y
5466,N,n,Y
5467,Y,n,N
5468,Y,w,Y
5469,Y,w,Y
5470,N,n,Y
5471,Y,w,Y
5472,N,n,Y
5473,Y,p,Y
5474,N,e,Y
5475,N,g,Y
5476,N,y,Y
5477,,g,Y
5478,Y,w,Y
5479,Y,g,Y
5480,Y,p,N
5481,,w,Y
5482,Y,p,N
5483,Y,w,Y
5484,N,n,Y
5485,N,y,Y
5486,,g,Y
5487,N,g,Y
5488,Y,e,N
5489,N,y,Y
5490,N,n,Y
5491,Y,b,Y
5492,N,y,Y
5493,,e,N
5494,Y,p,Y
5495,Y,w,Y
5496,N,y,Y
5497,N,y,Y
5498,N,r,N
5499,Y,w,Y
5500,,w,Y
5501,Y,b,Y
5502,,n,Y
5503,Y,e,N
5504,Y,p,N
5505,Y,b,N
5506,,g,Y
5507,N,y,Y
5508,N,n,Y
5509,Y,w,Y
5510,Y,w,Y
5511,Y,g,Y
5512,N,e,Y
5513,Y,g,Y
5514,N,n,Y
5515,Y,p,N
5516,N,w,N
5517,N,y,Y
5518,N,n,Y
5519,,y,Y
5520,N,n,Y
5521,,g,Y
5522,N,n,Y
5523,,n,N
5524,Y,w,Y
5525,N,y,Y
5526,Y,p,N
5527,Y,b,Y
5528,N,g,Y
5529,N,r,N
5530,N,n,Y
5531,N,n,Y
5532,Y,b,Y
5533,N,y,Y
5534,N,n,Y
5535,Y,n,N
5536,N,n,Y
5537,Y,e,N
5538,,b,N
5539,,n,N
5540,Y,w,Y
5541,Y,b,N
5542,N,y,Y
5543,N,y,Y
5544,N,y,Y
5545,Y,e,N
5546,,w,Y
5547,N,c,N
5548,N,n,N
5549,,p,Y
5550,N,n,Y
5551,Y,b,Y
5552,N,r,N
5553,Y,b,Y
5554,N,u,N
5555,N,n,Y
5556,Y,w,Y
5557,Y,e,N
5558,,p,N
5559,N,n,Y
5560,N,n,Y
5561,Y,w,Y
5562,N,y,Y
5563,Y,n,N
5564,Y,e,N
5565,Y,w,Y
5566,N,y,Y
5567,Y,b,Y
5568,N,y,Y
5569,Y,g,Y
5570,Y,p,N
5571,Y,n,N
5572,,w,Y
5573,N,y,Y
5574,N,e,Y
5575,Y,b,Y
5576,Y,b,Y
5577,N,n,Y
5578,,p,Y
5579,N,c,N
5580,,n,Y
5581,Y,w,Y
5582,,n,Y
5583,N,n,N
5584,N,n,Y
5585,Y,g,Y
5586,N,e,Y
5587,N,r,N
5588,Y,p,Y
5589,Y,p,N
5590,N,n,Y
5591,N,n,Y
5592,Y,g,Y
5593,N,y,Y
5594,Y,p,Y
5595,N,n,Y
5596,N,n,Y
5597,Y,b,N
5598,Y,b,Y
5599,N,c,N
5600,N,w,N
5601,N,n,Y
5602,N,n,N
5603,N,n,Y
5604,N,n,Y
5605,Y,p,N
5606,,w,Y
5607,N,n,Y
5608,N,y,Y
5609,N,n,N
5610,Y,g,Y
5611,Y,w,Y
5612,N,g,Y
5613,Y,n,N
5614,N,y,Y
5615,N,n,Y
5616,N,e,Y
5617,N,y,Y
5618,Y,w,Y
5619,Y,b,Y
5620,Y,b,N
5621,N,c,N
5622,Y,w,Y
5623,Y,p,N
5624,Y,n,N
5625,,b,N
5626,N,y,Y
5627,Y,g,Y
5628,N,y,Y
5629,Y,e,N
5630,,b,Y
5631,N,n,N
5632,N,y,Y
5633,,g,Y
5634,Y,b,Y
5635,N,e,Y
5636,N,y,Y
5637,N,y,Y
5638,Y,w,Y
5639,,e,N
5640,N,y,Y
5641,Y,n,N
5642,N,y,Y
5643,N,g,Y
5644,N,y,Y
5645,N,e,Y
5646,Y,b,N
5647,Y,w,Y
5648,Y,w,Y
5649,N,g,Y
5650,Y,p,N
5651,N,y,Y
5652,N,y,Y
5653,Y,e,N
5654,Y,n,N
5655,,y,Y
5656,Y,b,Y
5657,N,g,Y
5658,Y,g,Y
5659,Y,w,Y
5660,N,n,Y
5661,,b,Y
5662,Y,e,N
5663,N,y,Y
5664,Y,b,Y
5665,N,n,N
5666,N,y,Y
5667,,c,N
5668,N,g,Y
5669,N,n,Y
5670,Y,p,N
5671,Y,b,Y
5672,N,g,Y
5673,N,y,Y
5674,N,e,Y
5675,N,r,N
5676,N,y,Y
5677,Y,g,Y
5678,Y,w,Y
5679,Y,b,Y
5680,Y,n,N
5681,N,y,Y
5682,N,u,N
5683,N,n,Y
5684,Y,n,N
5685,Y,w,Y
5686,N,y,Y
5687,Y,b,N
5688,,c,N
5689,Y,g,Y
5690,,g,Y
5691,N,e,Y
5692,Y,p,N
5693,,p,N
5694,N,y,Y
5695,N,n,Y
5696,,n,N
5697,N,y,Y
5698,N,n,Y
5699,Y,n,N
5700,N,y,Y
5701,N,y,Y
5702,N,y,Y
5703,,c,N
5704,Y,b,Y
5705,Y,e,N
5706,Y,b,Y
5707,Y,g,Y
5708,N,y,Y
5709,Y,g,Y
5710,N,e,Y
5711,Y,w,Y
5712,Y,p,N
5713,Y,b,Y
5714,N,e,Y
5715,,w,N
5716,Y,p,N
5717,Y,b,Y
5718,Y,w,Y
5719,Y,g,Y
5720,N,n,Y
5721,Y,e,N
5722,N,n,Y
5723,N,n,Y
5724,Y,w,Y
5725,,e,N
5726,Y,b,Y
5727,Y,w,Y
5728,,n,N
5729,Y,g,Y
5730,,w,Y
5731,,y,Y
5732,,b,N
5733,Y,n,N
5734,,r,N
5735,,b,N
5736,Y,w,Y
5737,N,n,Y
5738,Y,b,N
5739,,w,Y
5740,Y,b,Y
5741,Y,g,Y
5742,,n,N
5743,Y,g,Y
5744,Y,p,N
5745,,b,Y
5746,N,n,Y
5747,,y,Y
5748,Y,b,Y
5749,,c,N
5750,Y,g,Y
5751,,w,Y
5752,Y,b,Y
5753,Y,p,Y
5754,Y,w,Y
5755,,n,N
5756,N,n,Y
5757,N,g,Y
5758,Y,b,N
5759,N,n,Y
5760,Y,b,Y
5761,Y,p,Y
5762,N,n,Y
5763,Y,w,Y
5764,Y,w,Y
5765,N,r,N
5766,Y,w,Y
5767,Y,w,Y
5768,N,w,N
5769,N,n,Y
5770,Y,b,N
5771,N,n,Y
5772,N,n,Y
5773,Y,b,Y
5774,N,r,N
5775,Y,p,Y
5776,Y,b,Y
5777,N,c,N
5778,N,u,N
5779,Y,b,Y
5780,N,w,N
5781,,n,Y
5782,Y,p,N
5783,Y,p,Y
5784,N,n,Y
5785,N,y,Y
5786,Y,w,Y
5787,N,g,Y
5788,Y,e,N
5789,Y,b,Y
5790,,p,Y
5791,,n,Y
5792,,b,Y
5793,N,y,Y
5794,Y,w,Y
5795,N,n,N
5796,N,y,Y
5797,N,y,Y
5798,,y,Y
5799,Y,g,Y
5800,,e,Y
5801,N,y,Y
5802,N,n,Y
5803,Y,w,Y
5804,,g,Y
5805,N,n,N
5806,,g,Y
5807,Y,b,Y
5808,,e,N
5809,Y,b,Y
5810,N,y,Y
5811,N,n,Y
5812,Y,w,Y
5813,Y,g,Y
5814,N,y,Y
5815,N,c,N
5816,N,n,Y
5817,,e,N
5818,N,n,Y
5819,Y,w,Y
5820,N,e,Y
5821,Y,n,N
5822,N,g,Y
5823,Y,w,Y
5824,Y,e,N
5825,,y,Y
5826,,y,Y
5827,Y,e,N
5828,Y,g,Y
5829,Y,n,N
5830,N,y,Y
5831,Y,w,Y
5832,,n,Y
5833,N,y,Y
5834,Y,w,Y
5835,N,n,Y
5836,N,w,N
5837,,w,N
5838,N,n,Y
5839,Y,g,Y
5840,N,u,N
5841,Y,w,Y
5842,N,y,Y
5843,Y,g,Y
5844,N,y,Y
5845,N,y,Y
5846,N,y,Y
5847,,g,Y
5848,N,r,N
5849,Y,w,Y
5850,Y,n,N
5851,N,n,Y
5852,Y,g,Y
5853,N,y,Y
5854,Y,w,Y
5855,N,n,Y
5856,Y,b,Y
5857,N,y,Y
5858,N,g,Y
5859,Y,e,N
5860,Y,b,N
5861,N,n,Y
5862,Y,e,N
5863,Y,b,Y
5864,Y,n,N
5865,N,e,Y
5866,Y,b,N
5867,Y,g,Y
5868,Y,b,Y
5869,N,n,Y
5870,N,e,Y
5871,,y,Y
5872,N,n,Y
5873,N,n,Y
5874,Y,g,Y
5875,Y,p,N
5876,,u,N
5877,N,y,Y
5878,,g,Y
5879,,n,Y
5880,Y,g,Y
5881,Y,b,Y
5882,N,y,Y
5883,Y,w,Y
5884,,n,N
5885,N,e,Y
5886,,y,Y
5887,Y,b,N
5888,Y,b,Y
5889,,g,Y
5890,Y,b,Y
5891,N,y,Y
5892,N,n,Y
5893,Y,w,Y
5894,Y,n,N
5895,,e,N
5896,N,w,N
5897,Y,b,Y
5898,Y,g,Y
5899,,e,N
5900,N,y,Y
5901,N,n,Y
5902,Y,w,Y
5903,N,g,Y
5904,N,n,N
5905,N,y,Y
5906,Y,w,Y
5907,,b,N
5908,Y,p,N
5909,Y,g,Y
5910,N,g,Y
5911,,w,Y
5912,,y,Y
5913,,w,Y
5914,,n,N
5915,,p,N
5916,,y,Y
5917,Y,b,N
5918,Y,e,N
5919,Y,g,Y
5920,Y,b,Y
5921,N,y,Y
5922,Y,b,Y
5923,Y,w,Y
5924,N,y,Y
5925,N,y,Y
5926,N,g,Y
5927,N,g,Y
5928,,p,Y
5929,,n,Y
5930,Y,w,Y
5931,Y,n,N
5932,N,n,Y
5933,N,n,Y
5934,,n,Y
5935,,b,Y
5936,N,y,Y
5937,Y,g,Y
5938,,p,N
5939,Y,p,N
5940,Y,n,N
5941,Y,p,Y
5942,Y,g,Y
5943,Y,g,Y
5944,N,y,Y
5945,N,n,Y
5946,Y,b,Y
5947,Y,b,Y
5948,Y,b,Y
5949,,w,N
5950,N,n,N
5951,N,y,Y
5952,,b,Y
5953,,y,Y
5954,Y,e,N
5955,N,y,Y
5956,N,n,Y
5957,N,n,Y
5958,N,y,Y
5959,N,y,Y
5960,Y,g,Y
5961,N,n,Y
5962,Y,n,N
5963,,n,N
5964,Y,b,Y
5965,,n,Y
5966,N,g,Y
5967,N,n,Y
5968,N,g,Y
5969,N,g,Y
5970,Y,g,Y
5971,N,r,N
5972,,n,Y
5973,Y,p,Y
5974,N,e,Y
5975,Y,b,Y
5976,Y,b,Y
5977,Y,e,N
5978,Y,b,Y
5979,,n,N
5980,,y,Y
5981,,w,N
5982,Y,w,Y
5983,Y,p,Y
5984,N,y,Y
5985,,g,Y
5986,N,n,Y
5987,N,y,Y
5988,Y,g,Y
5989,Y,w,Y
5990,N,n,Y
5991,N,y,Y
5992,N,n,Y
5993,Y,b,Y
5994,N,y,Y
5995,N,e,Y
5996,,n,Y
5997,,b,N
5998,N,w,N
5999,Y,b,Y
6000,N,y,Y
6001,N,e,Y
6002,N,e,Y
6003,N,e,Y
6004,N,n,Y
6005,,n,Y
6006,N,e,Y
6007,,n,Y
6008,N,e,Y
6009,N,e,Y
6010,N,n,Y
6011,N,e,Y
6012,N,e,Y
6013,N,n,Y
6014,N,e,Y
6015,N,e,Y
6016,,e,Y
6017,N,n,Y
6018,,n,Y
6019,N,e,Y
6020,,n,Y
6021,N,n,Y
6022,,e,Y
6023,,e,Y
6024,N,e,Y
6025,N,e,Y
6026,N,n,Y
6027,N,e,Y
6028,N,n,Y
6029,N,e,Y
6030,N,e,Y
6031,,n,Y
6032,N,e,Y
6033,N,e,Y
6034,N,e,Y
6035,N,n,Y
6036,N,n,Y
6037,N,e,Y
6038,N,n,Y
6039,N,n,N
6040,,n,Y
6041,N,n,N
6042,N,e,Y
6043,N,n,Y
6044,,e,Y
6045,N,n,Y
6046,N,e,Y
6047,N,n,Y
6048,,n,Y
6049,,e,Y
6050,,n,Y
6051,N,n,Y
6052,,n,Y
6053,N,e,Y
6054,N,e,Y
6055,N,e,Y
6056,,e,Y
6057,N,e,Y
6058,,n,Y
6059,N,e,Y
6060,,e,Y
6061,N,n,Y
6062,N,n,Y
6063,,e,Y
6064,N,e,Y
6065,N,e,Y
6066,N,n,Y
6067,N,e,Y
6068,,n,Y
6069,N,w,N
6070,N,n,Y
6071,N,n,Y
6072,,e,Y
6073,N,n,Y
6074,,n,Y
6075,N,e,Y
6076,,e,Y
6077,N,n,Y
6078,N,n,Y
6079,,n,Y
6080,N,n,Y
6081,N,e,Y
6082,N,e,Y
6083,N,n,Y
6084,N,n,Y
6085,N,n,Y
6086,N,n,Y
6087,N,n,Y
6088,N,e,Y
6089,N,n,Y
6090,,n,Y
6091,N,e,Y
6092,N,n,Y
6093,N,n,Y
6094,N,n,Y
6095,N,e,Y
6096,N,e,Y
6097,N,e,Y
6098,N,n,Y
6099,N,e,Y
6100,N,e,Y
6101,N,n,Y
6102,,n,Y
6103,N,e,Y
6104,N,e,Y
6105,,n,Y
6106,N,n,Y
6107,N,e,Y
6108,N,n,Y
6109,N,n,Y
6110,,n,Y
6111,,e,Y
6112,N,e,Y
6113,N,e,Y
6114,N,e,Y
6115,N,e,Y
6116,,e,Y
6117,N,e,Y
6118,N,n,Y
6119,N,e,Y
6120,N,e,Y
6121,,c,N
6122,N,e,Y
6123,,n,Y
6124,N,n,Y
6125,N,n,Y
6126,N,e,Y
6127,N,e,Y
6128,,e,Y
6129,,e,Y
6130,,n,Y
6131,,e,Y
6132,N,e,Y
6133,N,n,Y
6134,,e,Y
6135,N,e,Y
6136,N,e,Y
6137,,n,Y
6138,N,n,Y
6139,,e,Y
6140,N,n,Y
6141,,e,Y
6142,N,e,Y
6143,N,w,N
6144,,e,Y
6145,N,e,Y
6146,N,e,Y
6147,N,e,Y
6148,N,w,N
6149,N,n,Y
6150,N,n,Y
6151,,n,Y
6152,N,e,Y
6153,N,n,Y
6154,,n,Y
6155,N,e,Y
6156,,n,Y
6157,N,e,Y
6158,N,e,Y
6159,N,e,Y
6160,N,e,Y
6161,N,e,Y
6162,N,e,Y
6163,N,e,Y
6164,N,e,Y
6165,N,n,Y
6166,N,n,Y
6167,N,e,Y
6168,N,e,Y
6169,N,n,Y
6170,N,e,Y
6171,N,n,Y
6172,N,n,Y
6173,N,e,Y
6174,N,e,Y
6175,N,e,Y
6176,N,n,Y
6177,N,n,Y
6178,N,e,Y
6179,N,e,Y
6180,,e,Y
6181,N,e,Y
6182,N,n,Y
6183,,n,Y
6184,N,e,Y
6185,N,e,Y
6186,N,e,Y
6187,N,e,Y
6188,,e,Y
6189,N,n,Y
6190,N,e,Y
6191,N,e,Y
6192,N,n,Y
6193,N,n,Y
6194,N,e,Y
6195,N,g,N
6196,N,e,Y
6197,N,e,Y
6198,N,e,Y
6199,N,e,Y
6200,N,e,Y
6201,N,e,Y
6202,N,n,Y
6203,N,n,Y
6204,N,w,N
6205,N,e,Y
6206,N,e,Y
6207,,n,Y
6208,N,n,Y
6209,N,e,Y
6210,N,e,Y
6211,N,e,Y
6212,N,n,Y
6213,N,e,Y
6214,N,e,Y
6215,N,g,N
6216,,e,Y
6217,N,e,Y
6218,N,e,Y
6219,N,n,Y
6220,N,w,N
6221,N,e,Y
6222,N,n,Y
6223,N,e,Y
6224,N,n,Y
6225,N,e,Y
6226,N,e,Y
6227,N,e,Y
6228,N,e,Y
6229,N,e,Y
6230,N,n,Y
6231,N,e,Y
6232,,n,Y
6233,N,e,Y
6234,,n,Y
6235,N,e,Y
6236,N,n,Y
6237,N,n,Y
6238,N,e,Y
6239,N,e,Y
6240,,n,Y
6241,N,n,Y
6242,N,e,Y
6243,,e,Y
6244,N,e,Y
6245,N,e,Y
6246,,e,Y
6247,N,n,Y
6248,N,n,Y
6249,,n,Y
6250,N,n,Y
6251,N,n,Y
6252,N,e,Y
6253,,n,Y
6254,,e,Y
6255,N,e,Y
6256,N,e,Y
6257,,e,Y
6258,,e,Y
6259,N,e,Y
6260,N,e,Y
6261,,e,Y
6262,,g,N
6263,,n,Y
6264,N,e,Y
6265,N,n,Y
6266,,e,Y
6267,N,n,Y
6268,N,e,Y
6269,,e,Y
6270,N,e,Y
6271,N,e,Y
6272,N,e,Y
6273,,e,Y
6274,N,n,Y
6275,N,n,Y
6276,,n,Y
6277,N,e,Y
6278,N,n,Y
6279,N,e,Y
6280,,w,N
6281,N,e,Y
6282,N,e,Y
6283,,e,Y
6284,,n,Y
6285,,e,Y
6286,N,n,Y
6287,N,e,Y
6288,,n,Y
6289,N,e,Y
6290,N,n,Y
6291,,n,Y
6292,,e,Y
6293,,n,Y
6294,N,e,Y
6295,N,e,Y
6296,,n,Y
6297,N,e,Y
6298,,n,Y
6299,N,n,Y
6300,,n,Y
6301,N,e,Y
6302,N,n,Y
6303,N,e,Y
6304,,e,Y
6305,N,n,Y
6306,N,e,Y
6307,N,e,Y
6308,N,n,Y
6309,N,e,Y
6310,,e,Y
6311,N,n,Y
6312,N,e,Y
6313,,e,Y
6314,N,e,Y
6315,N,n,Y
6316,,n,Y
6317,,e,Y
6318,N,n,Y
6319,N,n,Y
6320,N,e,Y
6321,N,e,Y
6322,N,e,Y
6323,N,n,Y
6324,N,n,Y
6325,N,e,Y
6326,N,n,Y
6327,N,n,Y
6328,,e,Y
6329,N,n,Y
6330,N,e,Y
6331,N,e,Y
6332,N,g,N
6333,,e,Y
6334,N,e,Y
6335,N,e,Y
6336,N,e,Y
6337,N,n,Y
6338,N,n,Y
6339,N,n,Y
6340,N,e,Y
6341,N,e,Y
6342,N,n,Y
6343,N,n,Y
6344,N,n,Y
6345,N,e,Y
6346,N,e,Y
6347,N,n,Y
6348,N,n,Y
6349,N,e,Y
6350,N,n,Y
6351,N,n,Y
6352,N,n,Y
6353,,n,Y
6354,N,n,Y
6355,N,n,Y
6356,N,n,Y
6357,N,n,Y
6358,N,n,Y
6359,N,n,Y
6360,,n,Y
6361,,n,Y
6362,N,e,Y
6363,N,e,Y
6364,N,n,Y
6365,,e,Y
6366,N,n,Y
6367,N,w,N
6368,N,n,Y
6369,N,n,Y
6370,N,n,Y
6371,N,n,Y
6372,N,n,Y
6373,N,n,Y
6374,N,n,Y
6375,N,e,Y
6376,,n,N
6377,N,e,Y
6378,N,e,Y
6379,N,e,Y
6380,N,n,Y
6381,,e,Y
6382,N,n,Y
6383,N,e,Y
6384,N,n,Y
6385,N,n,Y
6386,,e,Y
6387,N,e,Y
6388,N,e,Y
6389,N,n,Y
6390,N,e,Y
6391,N,n,Y
6392,N,n,Y
6393,N,e,Y
6394,N,n,Y
6395,,e,Y
6396,N,n,Y
6397,N,w,N
6398,N,n,Y
6399,N,n,Y
6400,N,e,Y
6401,N,e,Y
6402,,n,Y
6403,N,e,Y
6404,N,g,N
6405,N,e,Y
6406,N,e,Y
6407,,w,N
6408,N,n,Y
6409,N,e,Y
6410,N,e,Y
6411,N,n,Y
6412,N,n,Y
6413,N,e,Y
6414,N,e,Y
6415,N,e,Y
6416,,e,Y
6417,,n,Y
6418,N,e,Y
6419,N,e,Y
6420,N,e,Y
6421,N,e,Y
6422,N,e,Y
6423,N,e,Y
6424,N,e,Y
6425,,n,N
6426,,n,Y
6427,,e,Y
6428,,e,Y
6429,N,n,Y
6430,N,e,Y
6431,N,e,Y
6432,N,e,Y
6433,N,e,Y
6434,,e,Y
6435,N,n,N
6436,N,n,Y
6437,N,e,Y
6438,N,n,Y
6439,N,e,Y
6440,N,e,Y
6441,N,n,Y
6442,,n,Y
6443,N,n,Y
6444,N,e,Y
6445,N,n,Y
6446,,n,Y
6447,N,e,Y
6448,N,n,Y
6449,N,n,Y
6450,N,w,N
6451,N,e,Y
6452,,e,Y
6453,N,n,Y
6454,N,n,Y
6455,N,e,Y
6456,N,n,Y
6457,N,n,Y
6458,,n,Y
6459,N,n,Y
6460,N,e,Y
6461,N,e,Y
6462,,e,Y
6463,N,e,Y
6464,N,n,Y
6465,N,n,Y
6466,N,n,Y
6467,N,n,Y
6468,,e,Y
6469,,e,Y
6470,N,n,Y
6471,N,e,Y
6472,N,n,Y
6473,N,e,Y
6474,N,n,Y
6475,,n,Y
6476,,e,Y
6477,N,n,Y
6478,N,e,Y
6479,N,e,Y
6480,N,n,Y
6481,N,e,Y
6482,N,e,Y
6483,N,e,Y
6484,N,e,Y
6485,,e,Y
6486,N,e,Y
6487,N,e,Y
6488,N,n,Y
6489,,n,Y
6490,N,e,Y
6491,,n,Y
6492,N,n,Y
6493,N,n,Y
6494,N,e,Y
6495,N,e,Y
6496,N,n,Y
6497,,e,Y
6498,N,e,Y
6499,N,n,Y
6500,N,e,Y
6501,N,n,Y
6502,,e,Y
6503,N,e,Y
6504,,e,Y
6505,,e,Y
6506,N,n,Y
6507,N,e,Y
6508,N,n,Y
6509,,e,Y
6510,N,w,N
6511,N,e,Y
6512,N,e,Y
6513,N,n,Y
6514,N,e,Y
6515,N,n,Y
6516,N,n,Y
6517,,n,Y
6518,N,g,N
6519,N,e,Y
6520,,e,Y
6521,N,e,Y
6522,N,n,Y
6523,N,e,Y
6524,N,e,Y
6525,N,e,Y
6526,,n,Y
6527,N,n,Y
6528,,e,Y
6529,N,n,Y
6530,N,n,Y
6531,N,w,N
6532,N,n,Y
6533,N,e,Y
6534,N,e,Y
6535,,n,Y
6536,,n,Y
6537,,e,Y
6538,N,n,Y
6539,N,e,Y
6540,N,e,Y
6541,N,e,Y
6542,N,n,Y
6543,N,n,Y
6544,N,e,Y
6545,N,n,Y
6546,N,n,Y
6547,N,n,Y
6548,N,e,Y
6549,N,e,Y
6550,,e,Y
6551,N,e,Y
6552,,e,Y
6553,N,n,Y
6554,N,n,Y
6555,N,e,Y
6556,N,e,Y
6557,N,e,Y
6558,N,n,Y
6559,N,n,N
6560,N,n,Y
6561,N,n,Y
6562,,n,Y
6563,N,n,Y
6564,N,n,Y
6565,N,n,Y
6566,N,e,Y
6567,N,e,Y
6568,N,n,Y
6569,N,e,Y
6570,N,n,Y
6571,,e,Y
6572,N,e,Y
6573,N,e,Y
6574,,e,Y
6575,N,e,Y
6576,N,e,Y
6577,N,n,Y
6578,N,n,Y
6579,,n,Y
6580,,e,Y
6581,N,e,Y
6582,N,n,Y
6583,,e,Y
6584,N,n,Y
6585,N,n,Y
6586,N,e,Y
6587,N,n,Y
6588,,e,Y
6589,,e,Y
6590,N,n,Y
6591,N,n,Y
6592,N,n,Y
6593,,e,Y
6594,N,e,Y
6595,,e,Y
6596,N,n,Y
6597,,n,Y
6598,N,n,Y
6599,N,e,Y
6600,N,g,N
6601,N,n,Y
6602,N,e,Y
6603,N,n,Y
6604,N,n,Y
6605,N,e,Y
6606,N,n,Y
6607,N,e,Y
6608,N,n,Y
6609,N,n,Y
6610,N,e,Y
6611,N,n,Y
6612,,n,Y
6613,N,e,Y
6614,N,e,Y
6615,,n,Y
6616,N,n,Y
6617,,e,Y
6618,,e,Y
6619,N,e,Y
6620,N,n,Y
6621,N,e,Y
6622,N,n,Y
6623,N,e,Y
6624,,e,Y
6625,,e,Y
6626,N,e,Y
6627,N,n,Y
6628,N,e,Y
6629,N,e,Y
6630,,n,Y
6631,N,n,Y
6632,N,e,Y
6633,N,e,Y
6634,N,n,Y
6635,N,e,Y
6636,,n,Y
6637,N,n,Y
6638,,e,Y
6639,N,n,Y
6640,,n,Y
6641,N,n,Y
6642,N,n,Y
6643,N,e,Y
6644,N,n,Y
6645,N,e,Y
6646,N,n,Y
6647,N,n,Y
6648,N,n,Y
6649,N,e,Y
6650,N,n,Y
6651,,e,Y
6652,N,n,Y
6653,,e,Y
6654,N,e,Y
6655,N,e,Y
6656,N,n,Y
6657,N,e,Y
6658,,n,Y
6659,N,e,Y
6660,N,e,Y
6661,N,g,N
6662,,n,Y
6663,N,n,Y
6664,,n,N
6665,N,n,Y
6666,N,n,Y
6667,N,e,Y
6668,,e,Y
6669,N,c,Y
6670,N,e,Y
6671,,n,Y
6672,N,n,Y
6673,N,e,Y
6674,N,e,Y
6675,,e,Y
6676,N,n,Y
6677,N,n,Y
6678,,e,Y
6679,,e,Y
6680,N,e,Y
6681,N,n,Y
6682,N,e,Y
6683,N,e,Y
6684,N,e,Y
6685,N,e,Y
6686,N,e,Y
6687,N,e,Y
6688,N,e,Y
6689,N,e,Y
6690,N,e,Y
6691,N,n,Y
6692,N,n,Y
6693,N,n,Y
6694,N,n,Y
6695,N,e,Y
6696,N,n,Y
6697,N,n,Y
6698,N,n,Y
6699,N,e,Y
6700,N,e,Y
6701,N,n,Y
6702,,e,Y
6703,N,n,Y
6704,N,n,Y
6705,N,e,Y
6706,,n,Y
6707,N,e,Y
6708,N,n,Y
6709,,n,Y
6710,N,n,Y
6711,,e,Y
6712,N,n,Y
6713,N,e,Y
6714,N,e,Y
6715,N,e,Y
6716,N,e,Y
6717,N,e,Y
6718,N,n,Y
6719,,n,Y
6720,N,e,Y
6721,N,e,Y
6722,N,e,Y
6723,,n,Y
6724,N,e,Y
6725,,e,Y
6726,N,n,Y
6727,N,e,Y
6728,N,e,Y
6729,,e,Y
6730,N,n,Y
6731,N,e,Y
6732,N,n,Y
6733,N,e,Y
6734,N,e,Y
6735,N,n,Y
6736,,e,Y
6737,N,e,Y
6738,N,e,Y
6739,N,n,Y
6740,N,n,Y
6741,N,e,Y
6742,N,n,Y
6743,N,e,Y
6744,N,e,Y
6745,N,g,N
6746,N,e,Y
6747,,n,Y
6748,N,n,Y
6749,N,e,Y
6750,N,e,Y
6751,N,e,Y
6752,N,e,Y
6753,,g,N
6754,N,n,Y
6755,N,e,Y
6756,N,n,Y
6757,N,n,Y
6758,N,n,Y
6759,N,e,Y
6760,N,n,Y
6761,,n,Y
6762,N,e,Y
6763,,g,N
6764,N,n,N
6765,N,n,Y
6766,N,n,Y
6767,N,n,Y
6768,N,e,Y
6769,N,n,Y
6770,N,n,Y
6771,N,e,Y
6772,,e,Y
6773,,n,Y
6774,,e,Y
6775,N,w,N
6776,N,n,Y
6777,N,e,Y
6778,N,n,Y
6779,N,n,Y
6780,N,n,Y
6781,N,n,Y
6782,N,n,Y
6783,N,e,Y
6784,N,n,Y
6785,N,n,Y
6786,N,n,Y
6787,N,n,Y
6788,N,e,Y
6789,,e,Y
6790,,e,Y
6791,N,n,Y
6792,N,e,Y
6793,N,e,Y
6794,N,e,Y
6795,N,e,Y
6796,N,e,Y
6797,N,n,Y
6798,N,n,Y
6799,N,n,Y
6800,N,e,Y
6801,N,e,Y
6802,N,e,Y
6803,,e,Y
6804,N,e,Y
6805,N,e,Y
6806,,e,Y
6807,,n,Y
6808,N,e,Y
6809,N,e,Y
6810,N,e,Y
6811,N,e,Y
6812,N,e,Y
6813,N,e,Y
6814,N,e,Y
6815,,e,Y
6816,,n,Y
6817,N,e,Y
6818,,n,Y
6819,N,e,Y
6820,N,n,Y
6821,N,n,Y
6822,N,e,Y
6823,N,e,Y
6824,N,n,Y
6825,,n,Y
6826,N,e,Y
6827,,e,Y
6828,N,g,N
6829,,n,Y
6830,,n,Y
6831,N,n,Y
6832,N,n,Y
6833,N,e,Y
6834,N,e,Y
6835,,e,Y
6836,N,e,Y
6837,N,n,Y
6838,N,e,Y
6839,,n,Y
6840,,e,Y
6841,N,e,Y
6842,N,e,Y
6843,N,e,Y
6844,,e,Y
6845,N,n,Y
6846,N,e,Y
6847,,e,Y
6848,N,e,Y
6849,,e,Y
6850,N,n,N
6851,,n,Y
6852,N,e,Y
6853,N,n,Y
6854,N,e,Y
6855,N,n,Y
6856,N,n,Y
6857,,e,Y
6858,N,e,Y
6859,N,n,Y
6860,N,e,Y
6861,N,w,N
6862,,n,Y
6863,N,n,Y
6864,N,n,Y
6865,N,n,Y
6866,N,n,Y
6867,N,e,Y
6868,N,e,Y
6869,N,n,Y
6870,,n,Y
6871,,e,Y
6872,N,e,Y
6873,N,e,Y
6874,N,n,Y
6875,,e,Y
6876,N,n,Y
6877,N,n,Y
6878,N,e,Y
6879,N,n,Y
6880,,e,Y
6881,N,e,Y
6882,N,n,Y
6883,,n,Y
6884,N,e,Y
6885,N,g,N
6886,N,e,Y
6887,N,n,Y
6888,N,n,Y
6889,N,e,Y
6890,,e,Y
6891,,n,Y
6892,N,e,Y
6893,N,e,Y
6894,,n,Y
6895,N,e,Y
6896,N,n,Y
6897,N,e,Y
6898,N,e,Y
6899,,n,Y
6900,N,n,Y
6901,N,n,N
6902,N,n,Y
6903,,n,Y
6904,N,e,Y
6905,Y,c,N
6906,N,n,N
6907,N,g,N
6908,N,g,N
6909,N,n,Y
6910,N,e,Y
6911,,n,N
6912,N,e,Y
6913,N,y,Y
6914,N,e,Y
6915,,g,N
6916,,e,Y
6917,N,e,Y
6918,N,e,Y
6919,,n,Y
6920,N,e,Y
6921,N,g,N
6922,N,n,Y
6923,,e,Y
6924,,e,Y
6925,N,g,N
6926,N,n,Y
6927,N,n,Y
6928,N,n,N
6929,Y,p,N
6930,N,n,Y
6931,N,e,Y
6932,,n,Y
6933,N,w,N
6934,N,e,Y
6935,,e,Y
6936,N,e,Y
6937,N,n,Y
6938,N,w,N
6939,N,w,N
6940,N,e,Y
6941,N,n,Y
6942,Y,n,N
6943,N,n,Y
6944,N,n,Y
6945,N,n,Y
6946,N,e,Y
6947,,e,Y
6948,N,e,Y
6949,N,n,Y
6950,N,e,Y
6951,N,n,Y
6952,N,e,Y
6953,N,w,N
6954,N,n,Y
6955,N,n,Y
6956,N,e,Y
6957,,e,Y
6958,N,n,Y
6959,N,w,N
6960,N,n,Y
6961,N,n,Y
6962,N,n,Y
6963,N,e,Y
6964,N,n,Y
6965,,e,Y
6966,,e,Y
6967,N,n,Y
6968,N,n,N
6969,N,n,Y
6970,N,e,Y
6971,,n,N
6972,,n,Y
6973,N,n,Y
6974,N,n,Y
6975,N,n,Y
6976,,w,N
6977,,e,Y
6978,,e,Y
6979,N,n,Y
6980,N,n,Y
6981,N,n,Y
6982,N,e,Y
6983,N,e,Y
6984,N,e,Y
6985,N,n,N
6986,,e,Y
6987,N,n,Y
6988,N,e,Y
6989,N,e,Y
6990,N,n,N
6991,N,g,N
6992,N,e,Y
6993,N,e,Y
6994,,e,Y
6995,N,n,N
6996,N,e,Y
6997,N,e,Y
6998,N,w,N
6999,N,g,N
7000,,n,N
7001,N,e,Y
7002,N,n,Y
7003,N,e,Y
7004,N,w,N
7005,N,w,N
7006,N,w,N
7007,N,e,Y
7008,N,e,Y
7009,N,g,N
7010,N,w,N
7011,N,e,Y
7012,N,w,N
7013,N,e,Y
7014,N,n,Y
7015,,n,Y
7016,N,g,N
7017,N,w,N
7018,N,e,Y
7019,N,e,Y
7020,,w,N
7021,,w,N
7022,N,e,Y
7023,Y,g,N
7024,N,e,Y
7025,N,n,Y
7026,,n,N
7027,N,n,N
7028,N,e,Y
7029,N,e,Y
7030,N,n,Y
7031,N,e,Y
7032,N,n,Y
7033,N,w,N
7034,N,n,N
7035,N,c,Y
7036,N,g,N
7037,N,n,N
7038,,n,N
7039,N,e,Y
7040,N,w,N
7041,N,g,N
7042,N,n,N
7043,N,n,Y
7044,,n,Y
7045,N,n,Y
7046,N,e,Y
7047,N,g,N
7048,N,e,Y
7049,N,n,Y
7050,N,e,Y
7051,N,g,N
7052,,n,N
7053,N,n,Y
7054,N,n,Y
7055,N,n,N
7056,N,n,Y
7057,N,n,Y
7058,N,e,Y
7059,N,e,Y
7060,,e,Y
7061,,e,Y
7062,N,n,Y
7063,N,n,Y
7064,Y,p,N
7065,N,e,Y
7066,N,n,Y
7067,N,n,Y
7068,N,g,N
7069,N,n,Y
7070,N,n,Y
7071,N,n,Y
7072,N,e,Y
7073,N,e,Y
7074,,c,N
7075,N,n,Y
7076,,e,Y
7077,N,e,Y
7078,,e,Y
7079,N,n,Y
7080,N,n,N
7081,N,e,Y
7082,N,e,Y
7083,N,e,Y
7084,N,e,Y
7085,N,e,Y
7086,N,e,Y
7087,,g,N
7088,,e,Y
7089,N,e,Y
7090,,g,N
7091,N,n,N
7092,N,n,Y
7093,,e,Y
7094,,n,Y
7095,N,n,Y
7096,N,e,Y
7097,N,n,Y
7098,N,n,Y
7099,N,g,N
7100,N,e,Y
7101,N,c,Y
7102,N,e,Y
7103,N,e,Y
7104,N,w,N
7105,N,n,Y
7106,,e,Y
7107,N,n,Y
7108,N,e,Y
7109,N,e,Y
7110,N,e,Y
7111,N,w,N
7112,N,n,Y
7113,,e,Y
7114,N,n,Y
7115,N,n,Y
7116,N,e,Y
7117,Y,g,N
7118,N,n,Y
7119,,e,Y
7120,N,w,N
7121,N,n,Y
7122,N,n,Y
7123,N,e,Y
7124,,w,N
7125,N,n,Y
7126,N,e,Y
7127,N,e,Y
7128,,e,Y
7129,N,n,N
7130,N,n,Y
7131,N,e,Y
7132,N,e,Y
7133,N,e,Y
7134,N,n,N
7135,N,g,N
7136,N,n,N
7137,,g,N
7138,N,e,Y
7139,,e,Y
7140,N,n,Y
7141,N,n,Y
7142,N,w,N
7143,N,n,Y
7144,,g,N
7145,N,n,Y
7146,N,e,Y
7147,,c,Y
7148,N,n,Y
7149,N,e,Y
7150,N,n,Y
7151,N,e,Y
7152,,e,Y
7153,N,e,Y
7154,N,g,N
7155,N,e,Y
7156,N,n,Y
7157,N,e,Y
7158,N,n,Y
7159,N,g,N
7160,N,n,Y
7161,N,e,Y
7162,N,n,Y
7163,N,g,N
7164,,n,Y
7165,N,e,Y
7166,,e,Y
7167,,n,Y
7168,N,g,N
7169,N,e,Y
7170,N,n,Y
7171,N,g,N
7172,,n,Y
7173,N,e,Y
7174,N,n,N
7175,N,n,Y
7176,,n,Y
7177,N,n,N
7178,N,n,Y
7179,N,n,Y
7180,N,n,Y
7181,,n,Y
7182,Y,c,N
7183,,n,N
7184,N,w,N
7185,N,e,Y
7186,N,g,N
7187,N,e,Y
7188,N,n,Y
7189,,n,N
7190,N,e,Y
7191,N,n,Y
7192,N,e,Y
7193,N,e,Y
7194,N,e,Y
7195,N,e,Y
7196,N,n,N
7197,N,e,Y
7198,,n,Y
7199,,n,Y
7200,,e,Y
7201,,g,N
7202,N,n,Y
7203,,w,N
7204,N,e,Y
7205,N,g,N
7206,N,n,N
7207,N,e,Y
7208,N,n,Y
7209,N,g,N
7210,N,n,Y
7211,N,n,Y
7212,N,w,N
7213,,e,Y
7214,N,e,Y
7215,N,e,Y
7216,,e,Y
7217,N,n,Y
7218,N,g,N
7219,N,n,Y
7220,,e,Y
7221,N,g,N
7222,,n,N
7223,N,g,N
7224,N,e,Y
7225,N,n,Y
7226,N,n,Y
7227,N,g,N
7228,,e,Y
7229,N,n,N
7230,N,w,N
7231,N,e,Y
7232,N,g,N
7233,N,n,Y
7234,,n,N
7235,N,g,N
7236,N,n,N
7237,N,g,N
7238,,n,Y
7239,N,n,Y
7240,N,n,N
7241,,e,Y
7242,N,e,Y
7243,N,n,Y
7244,N,n,Y
7245,N,n,N
7246,,g,N
7247,N,n,N
7248,N,n,Y
7249,,e,Y
7250,N,e,Y
7251,N,n,Y
7252,N,n,N
7253,N,e,Y
7254,,n,N
7255,N,n,Y
7256,N,w,N
7257,N,e,Y
7258,,n,Y
7259,N,g,N
7260,N,n,Y
7261,N,g,N
7262,N,n,Y
7263,N,e,Y
7264,N,w,N
7265,,n,Y
7266,N,n,Y
7267,N,g,N
7268,N,e,Y
7269,N,e,Y
7270,N,e,Y
7271,N,g,N
7272,N,w,N
7273,N,e,Y
7274,N,g,N
7275,N,n,Y
7276,N,n,Y
7277,N,w,N
7278,N,e,Y
7279,N,w,N
7280,N,n,Y
7281,N,w,N
7282,,n,N
7283,N,n,Y
7284,N,e,Y
7285,N,w,N
7286,N,e,Y
7287,N,e,Y
7288,N,n,Y
7289,N,n,Y
7290,N,e,Y
7291,N,n,N
7292,N,n,Y
7293,N,n,N
7294,N,g,N
7295,N,e,Y
7296,,y,Y
7297,,e,Y
7298,,e,Y
7299,N,e,Y
7300,N,n,N
7301,Y,g,N
7302,N,g,N
7303,N,e,Y
7304,N,e,Y
7305,N,e,Y
7306,N,w,N
7307,N,n,N
7308,N,n,Y
7309,,e,Y
7310,N,w,N
7311,,e,Y
7312,N,w,N
7313,N,e,Y
7314,N,n,Y
7315,N,g,N
7316,,w,N
7317,,n,Y
7318,N,n,Y
7319,N,e,Y
7320,N,w,N
7321,N,n,Y
7322,N,e,Y
7323,,n,Y
7324,N,n,Y
7325,,n,Y
7326,N,n,N
7327,N,e,Y
7328,,n,N
7329,,w,N
7330,N,g,N
7331,N,e,Y
7332,N,n,Y
7333,N,e,Y
7334,,e,Y
7335,N,w,N
7336,N,g,N
7337,,e,Y
7338,N,n,Y
7339,,n,Y
7340,N,e,Y
7341,N,n,Y
7342,N,n,Y
7343,N,c,Y
7344,N,n,Y
7345,N,w,N
7346,N,n,Y
7347,N,g,N
7348,N,e,Y
7349,N,e,Y
7350,N,g,N
7351,,g,N
7352,N,e,Y
7353,,n,N
7354,,p,N
7355,,w,N
7356,N,n,Y
7357,N,e,Y
7358,N,e,Y
7359,N,g,N
7360,N,w,N
7361,Y,c,N
7362,N,g,N
7363,,e,Y
7364,N,e,Y
7365,N,n,Y
7366,N,e,Y
7367,N,n,N
7368,N,y,Y
7369,N,c,Y
7370,N,n,Y
7371,Y,p,N
7372,N,n,Y
7373,N,g,N
7374,N,g,N
7375,N,e,Y
7376,N,n,N
7377,N,n,N
7378,Y,n,N
7379,N,g,N
7380,N,n,Y
7381,N,n,Y
7382,,n,Y
7383,N,e,Y
7384,N,n,Y
7385,N,e,Y
7386,N,w,N
7387,N,n,Y
7388,N,e,Y
7389,N,n,N
7390,N,e,Y
7391,N,w,N
7392,N,g,N
7393,N,n,Y
7394,N,n,Y
7395,N,n,Y
7396,N,e,Y
7397,N,e,Y
7398,N,n,Y
7399,N,g,N
7400,N,e,Y
7401,N,w,N
7402,N,y,Y
7403,N,n,Y
7404,N,e,Y
7405,N,g,N
7406,N,n,N
7407,N,e,Y
7408,,n,N
7409,N,e,Y
7410,N,e,Y
7411,N,e,Y
7412,N,g,N
7413,N,n,N
7414,N,n,N
7415,N,n,Y
7416,,g,N
7417,N,g,N
7418,,n,Y
7419,N,g,N
7420,,n,Y
7421,N,e,Y
7422,,n,Y
7423,Y,p,N
7424,N,n,Y
7425,,e,Y
7426,N,n,N
7427,,e,Y
7428,N,n,Y
7429,N,n,Y
7430,N,n,Y
7431,,e,Y
7432,N,e,Y
7433,N,n,N
7434,N,e,Y
7435,,g,N
7436,N,e,Y
7437,N,e,Y
7438,N,n,N
7439,N,n,Y
7440,,g,N
7441,,n,N
7442,,e,Y
7443,,n,Y
7444,Y,n,N
7445,N,g,N
7446,N,w,N
7447,N,n,N
7448,,e,Y
7449,,e,Y
7450,,n,N
7451,N,g,N
7452,N,n,Y
7453,N,e,Y
7454,N,n,Y
7455,N,n,Y
7456,N,n,N
7457,N,e,Y
7458,N,n,Y
7459,,n,Y
7460,,n,N
7461,N,g,N
7462,N,n,Y
7463,,n,Y
7464,N,g,N
7465,N,n,Y
7466,N,e,Y
7467,,e,Y
7468,N,n,N
7469,N,g,N
7470,,e,Y
7471,N,n,Y
7472,,e,Y
7473,N,e,Y
7474,N,n,Y
7475,,e,Y
7476,N,e,Y
7477,N,e,Y
7478,N,e,Y
7479,N,n,Y
7480,N,g,N
7481,,n,Y
7482,Y,n,N
7483,N,n,Y
7484,N,y,Y
7485,N,n,Y
7486,N,e,Y
7487,N,g,N
7488,N,n,Y
7489,N,n,Y
7490,N,n,Y
7491,N,n,N
7492,N,n,Y
7493,N,n,Y
7494,N,n,Y
7495,N,e,Y
7496,N,n,Y
7497,N,e,Y
7498,N,n,Y
7499,N,w,N
7500,N,g,N
7501,,w,N
7502,N,n,Y
7503,N,e,Y
7504,N,e,Y
7505,N,e,Y
7506,N,n,Y
7507,N,n,Y
7508,N,e,Y
7509,,n,Y
7510,,e,Y
7511,N,n,N
7512,,n,Y
7513,N,n,Y
7514,N,g,N
7515,N,w,N
7516,N,n,Y
7517,,n,N
7518,N,n,Y
7519,N,n,Y
7520,N,n,Y
7521,N,e,Y
7522,,n,Y
7523,N,n,N
7524,N,n,N
7525,N,w,N
7526,N,n,Y
7527,N,n,N
7528,N,n,Y
7529,,g,N
7530,N,g,N
7531,,n,Y
7532,N,n,N
7533,,w,N
7534,,n,N
7535,N,g,N
7536,,w,N
7537,N,c,Y
7538,N,n,N
7539,,e,Y
7540,N,e,Y
7541,N,w,N
7542,N,w,N
7543,N,g,N
7544,,n,N
7545,N,n,Y
7546,N,e,Y
7547,N,e,Y
7548,N,n,N
7549,Y,p,N
7550,,n,Y
7551,N,w,N
7552,N,e,Y
7553,N,w,N
7554,N,n,Y
7555,N,n,Y
7556,N,n,N
7557,N,n,Y
7558,N,e,Y
7559,N,n,N
7560,N,w,N
7561,N,g,N
7562,N,n,N
7563,N,n,Y
7564,N,e,Y
7565,N,w,N
7566,N,e,Y
7567,N,g,N
7568,N,n,Y
7569,N,n,Y
7570,N,e,Y
7571,N,n,N
7572,N,e,Y
7573,N,n,Y
7574,N,g,N
7575,N,n,Y
7576,N,n,Y
7577,,g,N
7578,N,n,Y
7579,N,e,Y
7580,N,n,Y
7581,N,e,Y
7582,N,w,N
7583,N,e,Y
7584,N,e,Y
7585,N,w,N
7586,,g,N
7587,N,g,N
7588,N,e,Y
7589,N,n,Y
7590,N,e,Y
7591,N,w,N
7592,N,e,Y
7593,N,n,Y
7594,N,w,N
7595,N,e,Y
7596,,e,Y
7597,N,n,Y
7598,Y,n,N
7599,N,n,Y
7600,N,e,Y
7601,,y,Y
7602,N,e,Y
7603,Y,n,N
7604,N,e,Y
7605,N,g,N
7606,,e,Y
7607,N,e,Y
7608,N,n,Y
7609,N,n,Y
7610,N,g,N
7611,N,w,N
7612,N,e,Y
7613,N,n,N
7614,N,e,Y
7615,N,e,Y
7616,N,g,N
7617,N,e,Y
7618,N,n,N
7619,N,n,Y
7620,N,e,Y
7621,N,n,Y
7622,N,n,Y
7623,N,g,N
7624,N,w,N
7625,N,n,Y
7626,,n,Y
7627,N,w,N
7628,N,n,N
7629,N,n,Y
7630,N,n,Y
7631,N,n,N
7632,N,w,N
7633,N,w,N
7634,,e,Y
7635,N,e,Y
7636,,e,Y
7637,N,n,N
7638,N,n,Y
7639,,n,Y
7640,N,e,Y
7641,N,w,N
7642,N,g,N
7643,N,g,N
7644,,g,N
7645,N,w,N
7646,N,e,Y
7647,,e,Y
7648,N,e,Y
7649,N,n,Y
7650,N,w,N
7651,N,w,N
7652,N,w,N
7653,N,n,N
7654,N,e,Y
7655,,n,Y
7656,,n,Y
7657,N,n,Y
7658,N,e,Y
7659,N,n,N
7660,N,w,N
7661,N,n,Y
7662,N,n,Y
7663,N,g,N
7664,N,n,Y
7665,N,n,N
7666,,n,N
7667,,e,Y
7668,,e,Y
7669,N,n,Y
7670,N,e,Y
7671,N,n,Y
7672,N,g,N
7673,N,n,Y
7674,Y,c,N
7675,N,n,N
7676,N,e,Y
7677,,n,Y
7678,N,n,Y
7679,N,g,N
7680,,n,Y
7681,N,w,N
7682,N,e,Y
7683,,w,N
7684,,e,Y
7685,,e,Y
7686,N,w,N
7687,N,e,Y
7688,N,n,Y
7689,N,n,N
7690,N,n,N
7691,N,e,Y
7692,N,e,Y
7693,,n,N
7694,,n,Y
7695,N,e,Y
7696,N,e,Y
7697,N,e,Y
7698,N,e,Y
7699,N,w,N
7700,N,n,N
7701,N,e,Y
7702,N,n,N
7703,N,n,N
7704,N,e,Y
7705,Y,g,N
7706,,p,N
7707,N,y,Y
7708,N,e,Y
7709,,e,Y
7710,,e,Y
7711,N,n,N
7712,,n,Y
7713,N,w,N
7714,N,e,Y
7715,N,c,Y
7716,N,n,Y
7717,N,n,N
7718,N,n,N
7719,N,n,Y
7720,N,n,Y
7721,N,g,N
7722,Y,n,N
7723,N,n,Y
7724,,n,N
7725,N,w,N
7726,N,w,N
7727,N,n,Y
7728,,n,Y
7729,,e,Y
7730,N,n,N
7731,N,e,Y
7732,N,e,Y
7733,N,n,Y
7734,N,e,Y
7735,N,n,Y
7736,N,e,Y
7737,N,g,N
7738,N,n,N
7739,N,n,Y
7740,N,y,Y
7741,N,w,N
7742,,n,N
7743,N,n,Y
7744,N,g,N
7745,,w,N
7746,N,n,N
7747,N,w,N
7748,N,g,N
7749,N,w,N
7750,N,w,N
7751,N,n,Y
7752,,e,Y
7753,N,g,N
7754,N,w,N
7755,,n,Y
7756,N,n,Y
7757,N,n,Y
7758,,e,Y
7759,N,e,Y
7760,,n,N
7761,,e,Y
7762,N,g,N
7763,N,n,N
7764,N,w,N
7765,N,e,Y
7766,N,n,N
7767,N,n,Y
7768,N,e,Y
7769,N,e,Y
7770,N,w,N
7771,,n,Y
7772,,e,Y
7773,N,g,N
7774,,n,Y
7775,N,n,Y
7776,N,e,Y
7777,,w,N
7778,,w,N
7779,N,n,Y
7780,N,n,N
7781,N,e,Y
7782,N,e,Y
7783,,n,N
7784,,g,N
7785,N,e,Y
7786,N,n,Y
7787,N,n,Y
7788,,n,Y
7789,N,n,N
7790,,n,Y
7791,N,w,N
7792,N,n,N
7793,N,n,Y
7794,N,n,Y
7795,N,e,Y
7796,N,w,N
7797,N,e,Y
7798,,w,N
7799,N,e,Y
7800,N,e,Y
7801,N,n,Y
7802,N,c,Y
7803,N,n,Y
7804,N,g,N
7805,N,e,Y
7806,N,n,Y
7807,,e,Y
7808,N,n,N
7809,,n,Y
7810,N,g,N
7811,N,w,N
7812,N,n,N
7813,N,n,Y
7814,N,n,N
7815,N,w,N
7816,,e,Y
7817,N,e,Y
7818,N,g,N
7819,N,g,N
7820,,n,Y
7821,N,e,Y
7822,,e,Y
7823,,n,Y
7824,N,w,N
7825,N,e,Y
7826,N,n,N
7827,,n,Y
7828,,n,Y
7829,,n,N
7830,N,n,N
7831,N,g,N
7832,,n,N
7833,N,e,Y
7834,N,n,N
7835,N,n,N
7836,,e,Y
7837,N,n,N
7838,N,e,Y
7839,N,g,N
7840,N,n,Y
7841,,n,N
7842,N,n,Y
7843,N,g,N
7844,N,g,N
7845,N,n,N
7846,,n,N
7847,N,e,Y
7848,N,g,N
7849,,n,Y
7850,,e,Y
7851,N,n,Y
7852,N,e,Y
7853,,n,Y
7854,N,e,Y
7855,N,w,N
7856,N,n,Y
7857,N,e,Y
7858,N,e,Y
7859,N,g,N
7860,N,n,N
7861,,w,N
7862,N,n,Y
7863,,n,Y
7864,N,n,Y
7865,N,e,Y
7866,,e,Y
7867,,n,N
7868,N,g,N
7869,N,e,Y
7870,N,e,Y
7871,N,w,N
7872,N,n,N
7873,N,w,N
7874,N,e,Y
7875,N,n,Y
7876,N,e,Y
7877,N,n,Y
7878,N,n,Y
7879,,n,N
7880,N,n,Y
7881,N,n,Y
7882,,e,Y
7883,N,w,N
7884,N,e,Y
7885,N,n,Y
7886,N,e,Y
7887,N,n,N
7888,N,n,N
7889,N,n,Y
7890,N,e,Y
7891,N,w,N
7892,N,n,Y
7893,N,n,Y
7894,,n,N
7895,N,g,N
7896,N,g,N
7897,N,n,Y
7898,,n,Y
7899,Y,g,N
7900,N,e,Y
7901,,w,N
7902,N,n,Y
7903,N,n,Y
7904,N,e,Y
7905,N,g,N
7906,N,n,N
7907,N,e,Y
7908,N,w,N
7909,,e,Y
7910,N,g,N
7911,N,n,Y
7912,N,n,N
7913,N,g,N
7914,N,n,N
7915,N,e,Y
7916,N,n,N
7917,N,g,N
7918,N,n,Y
7919,N,w,N
7920,Y,p,N
7921,N,e,Y
7922,,g,N
7923,N,n,N
7924,N,n,Y
7925,N,n,Y
7926,N,e,Y
7927,N,n,Y
7928,N,n,N
7929,,n,Y
7930,N,w,N
7931,,e,Y
7932,N,n,N
7933,,e,Y
7934,,g,N
7935,N,e,Y
7936,N,e,Y
7937,,n,Y
7938,N,n,N
7939,N,w,N
7940,N,n,N
7941,,g,N
7942,N,e,Y
7943,N,e,Y
7944,N,n,Y
7945,N,n,N
7946,,n,N
7947,,c,N
7948,N,e,Y
7949,N,n,Y
7950,N,e,Y
7951,N,n,Y
7952,N,e,Y
7953,,c,N
7954,N,n,N
7955,,w,N
7956,N,g,N
7957,N,n,N
7958,N,n,N
7959,N,w,N
7960,N,e,Y
7961,N,w,N
7962,N,n,Y
7963,N,e,Y
7964,N,n,Y
7965,N,n,N
7966,,n,N
7967,N,w,N
7968,N,n,Y
7969,N,n,Y
7970,,e,Y
7971,N,n,N
7972,N,n,N
7973,,w,N
7974,N,e,Y
7975,N,w,N
7976,N,w,N
7977,N,w,N
7978,N,n,N
7979,N,e,Y
7980,N,n,N
7981,N,e,Y
7982,N,c,Y
7983,N,n,Y
7984,N,g,N
7985,N,n,N
7986,N,n,N
7987,,n,N
7988,N,n,Y
7989,N,n,N
7990,,n,Y
7991,N,n,Y
7992,N,g,N
7993,N,n,Y
7994,,g,N
7995,N,n,N
7996,N,e,Y
7997,N,n,N
7998,N,n,Y
7999,N,n,Y
8000,N,n,N
8001,N,n,N
8002,N,n,N
8003,N,w,N
8004,N,n,N
8005,N,n,Y
8006,N,e,Y
8007,N,e,Y
8008,,e,Y
8009,N,e,Y
8010,,n,N
8011,N,n,N
8012,,n,N
8013,N,n,Y
8014,N,n,N
8015,N,g,N
8016,N,w,N
8017,N,e,Y
8018,N,w,N
8019,N,w,N
8020,N,w,N
8021,N,n,Y
8022,N,n,Y
8023,N,e,Y
8024,N,e,Y
8025,N,n,Y
8026,N,n,N
8027,,n,N
8028,N,n,Y
8029,N,n,Y
8030,N,g,N
8031,N,w,N
8032,,e,Y
8033,,n,Y
8034,N,n,Y
8035,N,n,N
8036,,w,N
8037,N,n,N
8038,N,e,Y
8039,Y,g,N
8040,N,e,Y
8041,N,n,N
8042,N,e,Y
8043,N,n,N
8044,N,n,N
8045,,n,N
8046,N,e,Y
8047,N,g,N
8048,N,e,Y
8049,N,n,Y
8050,N,n,Y
8051,N,n,Y
8052,,w,N
8053,N,n,N
8054,N,n,Y
8055,N,n,N
8056,N,g,N
8057,N,n,N
8058,N,n,N
8059,N,e,Y
8060,,n,Y
8061,N,n,Y
8062,N,n,Y
8063,N,n,Y
8064,N,w,N
8065,N,e,Y
8066,N,n,N
8067,N,e,Y
8068,,n,N
8069,,n,N
8070,N,n,N
8071,N,e,Y
8072,N,n,N
8073,N,e,Y
8074,,n,N
8075,N,g,N
8076,N,n,N
8077,N,n,N
8078,N,n,N
8079,,g,N
8080,N,e,Y
8081,N,n,Y
8082,N,n,Y
8083,N,e,Y
8084,N,n,Y
8085,N,g,N
8086,N,w,N
8087,,n,N
8088,N,e,Y
8089,N,n,N
8090,N,e,Y
8091,N,n,Y
8092,N,e,Y
8093,N,e,Y
8094,,n,Y
8095,N,g,N
8096,N,c,Y
8097,N,w,N
8098,N,n,Y
8099,,e,Y
8100,N,w,N
8101,N,n,N
8102,N,e,Y
8103,N,n,N
8104,N,n,N
8105,N,n,N
8106,N,n,N
8107,,n,N
8108,,n,N
8109,,e,Y
8110,N,w,N
8111,N,n,N
8112,N,w,N
8113,,n,N
8114,N,e,Y
8115,,c,Y
8116,N,n,N
8117,N,n,Y
8118,,e,Y
8119,N,n,Y
8120,N,n,N
8121,N,n,N
8122,N,n,N
8123,N,n,Y
8124,N,n,N
